Workbook

Sheet Summary
A1: Layout | B1: Layout Type | C1: Date | D1: Vol 12 AM | E1: Vol 1 AM | F1: Vol 2 AM | G1: Vol 3 AM | H1: Vol 4 AM | I1: Vol 5 AM | J1: Vol 6 AM | K1: Vol 7 AM | L1: Vol 8 AM | M1: Vol 9 AM | N1: Vol 10 AM | O1: Vol 11 AM | P1: Vol 12 PM | Q1: Vol 1 PM | R1: Vol 2 PM | S1: Vol 3 PM | T1: Vol 4 PM | U1: Vol 5 PM | V1: Vol 6 PM | W1: Vol 7 PM | X1: Vol 8 PM | Y1: Vol 9 PM | Z1: Vol 10 PM | AA1: Vol 11 PM | AB1: Vol Total | AD1: MH 12 AM | AE1: MH 1 AM | AF1: MH 2 AM | AG1: MH 3 AM | AH1: MH 4 AM | AI1: MH 5 AM | AJ1: MH 6 AM | AK1: MH 7 AM | AL1: MH 8 AM | AM1: MH 9 AM | AN1: MH 10 AM | AO1: MH 11 AM | AP1: MH 12 PM | AQ1: MH 1 PM | AR1: MH 2 PM | AS1: MH 3 PM | AT1: MH 4 PM | AU1: MH 5 PM | AV1: MH 6 PM | AW1: MH 7 PM | AX1: MH 8 PM | AY1: MH 9 PM | AZ1: MH 10 PM | BA1: MH 11 PM | BB1: MH Total
A2: AMD-AIR-NEW-SSC | B2: Forward Regular OSC | C2: 46093 | D2: 0 | E2: 0 | F2: 0 | G2: 0 | H2: 0 | I2: 0 | J2: 0 | K2: 0 | L2: 0 | M2: 0 | N2: 0 | O2: 0 | P2: 0 | Q2: 0 | R2: 406 | S2: 389 | T2: 0 | U2: 0 | V2: 0 | W2: 0 | X2: 0 | Y2: 0 | Z2: 0 | AA2: 0 | AB2: =SUM(D2:AA2) | AD2: ='BBB'!AD2+'Bag Staging'!AD2+'Bag Staging Volumetric'!AD2+'FWD FSM'!AD2+'FWD Manual Pre Primary'!AD2+'FWD Manual Primary'!AD2+'FWD Primary with Scan'!AD2+'FWD Secondary'!AD2+'FWD Volumetric'!AD2+'IB'!AD2+'IB Volumetric'!AD2+'OB'!AD2+'OB Volumetric'!AD2+'OSC Bag Sorting'!AD2+'OSC Bag Sorting Volumetric'!AD2+'REV FSM'!AD2+'Rejection Primary with Scan'!AD2+'Rejection Secondary'!AD2+'Rev DC DC Primary Sorting'!AD2+'Rev Primary (FSM Rejections)'!AD2+'Rev Secondary Sorting'!AD2+'VIA Bag Sorting'!AD2 | AE2: ='BBB'!AE2+'Bag Staging'!AE2+'Bag Staging Volumetric'!AE2+'FWD FSM'!AE2+'FWD Manual Pre Primary'!AE2+'FWD Manual Primary'!AE2+'FWD Primary with Scan'!AE2+'FWD Secondary'!AE2+'FWD Volumetric'!AE2+'IB'!AE2+'IB Volumetric'!AE2+'OB'!AE2+'OB Volumetric'!AE2+'OSC Bag Sorting'!AE2+'OSC Bag Sorting Volumetric'!AE2+'REV FSM'!AE2+'Rejection Primary with Scan'!AE2+'Rejection Secondary'!AE2+'Rev DC DC Primary Sorting'!AE2+'Rev Primary (FSM Rejections)'!AE2+'Rev Secondary Sorting'!AE2+'VIA Bag Sorting'!AE2 | AF2: ='BBB'!AF2+'Bag Staging'!AF2+'Bag Staging Volumetric'!AF2+'FWD FSM'!AF2+'FWD Manual Pre Primary'!AF2+'FWD Manual Primary'!AF2+'FWD Primary with Scan'!AF2+'FWD Secondary'!AF2+'FWD Volumetric'!AF2+'IB'!AF2+'IB Volumetric'!AF2+'OB'!AF2+'OB Volumetric'!AF2+'OSC Bag Sorting'!AF2+'OSC Bag Sorting Volumetric'!AF2+'REV FSM'!AF2+'Rejection Primary with Scan'!AF2+'Rejection Secondary'!AF2+'Rev DC DC Primary Sorting'!AF2+'Rev Primary (FSM Rejections)'!AF2+'Rev Secondary Sorting'!AF2+'VIA Bag Sorting'!AF2 | AG2: ='BBB'!AG2+'Bag Staging'!AG2+'Bag Staging Volumetric'!AG2+'FWD FSM'!AG2+'FWD Manual Pre Primary'!AG2+'FWD Manual Primary'!AG2+'FWD Primary with Scan'!AG2+'FWD Secondary'!AG2+'FWD Volumetric'!AG2+'IB'!AG2+'IB Volumetric'!AG2+'OB'!AG2+'OB Volumetric'!AG2+'OSC Bag Sorting'!AG2+'OSC Bag Sorting Volumetric'!AG2+'REV FSM'!AG2+'Rejection Primary with Scan'!AG2+'Rejection Secondary'!AG2+'Rev DC DC Primary Sorting'!AG2+'Rev Primary (FSM Rejections)'!AG2+'Rev Secondary Sorting'!AG2+'VIA Bag Sorting'!AG2 | AH2: ='BBB'!AH2+'Bag Staging'!AH2+'Bag Staging Volumetric'!AH2+'FWD FSM'!AH2+'FWD Manual Pre Primary'!AH2+'FWD Manual Primary'!AH2+'FWD Primary with Scan'!AH2+'FWD Secondary'!AH2+'FWD Volumetric'!AH2+'IB'!AH2+'IB Volumetric'!AH2+'OB'!AH2+'OB Volumetric'!AH2+'OSC Bag Sorting'!AH2+'OSC Bag Sorting Volumetric'!AH2+'REV FSM'!AH2+'Rejection Primary with Scan'!AH2+'Rejection Secondary'!AH2+'Rev DC DC Primary Sorting'!AH2+'Rev Primary (FSM Rejections)'!AH2+'Rev Secondary Sorting'!AH2+'VIA Bag Sorting'!AH2 | AI2: ='BBB'!AI2+'Bag Staging'!AI2+'Bag Staging Volumetric'!AI2+'FWD FSM'!AI2+'FWD Manual Pre Primary'!AI2+'FWD Manual Primary'!AI2+'FWD Primary with Scan'!AI2+'FWD Secondary'!AI2+'FWD Volumetric'!AI2+'IB'!AI2+'IB Volumetric'!AI2+'OB'!AI2+'OB Volumetric'!AI2+'OSC Bag Sorting'!AI2+'OSC Bag Sorting Volumetric'!AI2+'REV FSM'!AI2+'Rejection Primary with Scan'!AI2+'Rejection Secondary'!AI2+'Rev DC DC Primary Sorting'!AI2+'Rev Primary (FSM Rejections)'!AI2+'Rev Secondary Sorting'!AI2+'VIA Bag Sorting'!AI2 | AJ2: ='BBB'!AJ2+'Bag Staging'!AJ2+'Bag Staging Volumetric'!AJ2+'FWD FSM'!AJ2+'FWD Manual Pre Primary'!AJ2+'FWD Manual Primary'!AJ2+'FWD Primary with Scan'!AJ2+'FWD Secondary'!AJ2+'FWD Volumetric'!AJ2+'IB'!AJ2+'IB Volumetric'!AJ2+'OB'!AJ2+'OB Volumetric'!AJ2+'OSC Bag Sorting'!AJ2+'OSC Bag Sorting Volumetric'!AJ2+'REV FSM'!AJ2+'Rejection Primary with Scan'!AJ2+'Rejection Secondary'!AJ2+'Rev DC DC Primary Sorting'!AJ2+'Rev Primary (FSM Rejections)'!AJ2+'Rev Secondary Sorting'!AJ2+'VIA Bag Sorting'!AJ2 | AK2: ='BBB'!AK2+'Bag Staging'!AK2+'Bag Staging Volumetric'!AK2+'FWD FSM'!AK2+'FWD Manual Pre Primary'!AK2+'FWD Manual Primary'!AK2+'FWD Primary with Scan'!AK2+'FWD Secondary'!AK2+'FWD Volumetric'!AK2+'IB'!AK2+'IB Volumetric'!AK2+'OB'!AK2+'OB Volumetric'!AK2+'OSC Bag Sorting'!AK2+'OSC Bag Sorting Volumetric'!AK2+'REV FSM'!AK2+'Rejection Primary with Scan'!AK2+'Rejection Secondary'!AK2+'Rev DC DC Primary Sorting'!AK2+'Rev Primary (FSM Rejections)'!AK2+'Rev Secondary Sorting'!AK2+'VIA Bag Sorting'!AK2 | ... BA2: ='BBB'!BA2+'Bag Staging'!BA2+'Bag Staging Volumetric'!BA2+'FWD FSM'!BA2+'FWD Manual Pre Primary'!BA2+'FWD Manual Primary'!BA2+'FWD Primary with Scan'!BA2+'FWD Secondary'!BA2+'FWD Volumetric'!BA2+'IB'!BA2+'IB Volumetric'!BA2+'OB'!BA2+'OB Volumetric'!BA2+'OSC Bag Sorting'!BA2+'OSC Bag Sorting Volumetric'!BA2+'REV FSM'!BA2+'Rejection Primary with Scan'!BA2+'Rejection Secondary'!BA2+'Rev DC DC Primary Sorting'!BA2+'Rev Primary (FSM Rejections)'!BA2+'Rev Secondary Sorting'!BA2+'VIA Bag Sorting'!BA2 | BB2: =SUM(AD2:BA2)
A3: AMD-AIR-NEW-SSC | B3: Forward Regular OSC | C3: 46094 | D3: 0 | E3: 0 | F3: 0 | G3: 0 | H3: 0 | I3: 0 | J3: 0 | K3: 0 | L3: 0 | M3: 0 | N3: 0 | O3: 0 | P3: 0 | Q3: 0 | R3: 0 | S3: 592 | T3: 2 | U3: 0 | V3: 0 | W3: 0 | X3: 0 | Y3: 0 | Z3: 0 | AA3: 0 | AB3: =SUM(D3:AA3) | AD3: ='BBB'!AD3+'Bag Staging'!AD3+'Bag Staging Volumetric'!AD3+'FWD FSM'!AD3+'FWD Manual Pre Primary'!AD3+'FWD Manual Primary'!AD3+'FWD Primary with Scan'!AD3+'FWD Secondary'!AD3+'FWD Volumetric'!AD3+'IB'!AD3+'IB Volumetric'!AD3+'OB'!AD3+'OB Volumetric'!AD3+'OSC Bag Sorting'!AD3+'OSC Bag Sorting Volumetric'!AD3+'REV FSM'!AD3+'Rejection Primary with Scan'!AD3+'Rejection Secondary'!AD3+'Rev DC DC Primary Sorting'!AD3+'Rev Primary (FSM Rejections)'!AD3+'Rev Secondary Sorting'!AD3+'VIA Bag Sorting'!AD3 | AE3: ='BBB'!AE3+'Bag Staging'!AE3+'Bag Staging Volumetric'!AE3+'FWD FSM'!AE3+'FWD Manual Pre Primary'!AE3+'FWD Manual Primary'!AE3+'FWD Primary with Scan'!AE3+'FWD Secondary'!AE3+'FWD Volumetric'!AE3+'IB'!AE3+'IB Volumetric'!AE3+'OB'!AE3+'OB Volumetric'!AE3+'OSC Bag Sorting'!AE3+'OSC Bag Sorting Volumetric'!AE3+'REV FSM'!AE3+'Rejection Primary with Scan'!AE3+'Rejection Secondary'!AE3+'Rev DC DC Primary Sorting'!AE3+'Rev Primary (FSM Rejections)'!AE3+'Rev Secondary Sorting'!AE3+'VIA Bag Sorting'!AE3 | AF3: ='BBB'!AF3+'Bag Staging'!AF3+'Bag Staging Volumetric'!AF3+'FWD FSM'!AF3+'FWD Manual Pre Primary'!AF3+'FWD Manual Primary'!AF3+'FWD Primary with Scan'!AF3+'FWD Secondary'!AF3+'FWD Volumetric'!AF3+'IB'!AF3+'IB Volumetric'!AF3+'OB'!AF3+'OB Volumetric'!AF3+'OSC Bag Sorting'!AF3+'OSC Bag Sorting Volumetric'!AF3+'REV FSM'!AF3+'Rejection Primary with Scan'!AF3+'Rejection Secondary'!AF3+'Rev DC DC Primary Sorting'!AF3+'Rev Primary (FSM Rejections)'!AF3+'Rev Secondary Sorting'!AF3+'VIA Bag Sorting'!AF3 | AG3: ='BBB'!AG3+'Bag Staging'!AG3+'Bag Staging Volumetric'!AG3+'FWD FSM'!AG3+'FWD Manual Pre Primary'!AG3+'FWD Manual Primary'!AG3+'FWD Primary with Scan'!AG3+'FWD Secondary'!AG3+'FWD Volumetric'!AG3+'IB'!AG3+'IB Volumetric'!AG3+'OB'!AG3+'OB Volumetric'!AG3+'OSC Bag Sorting'!AG3+'OSC Bag Sorting Volumetric'!AG3+'REV FSM'!AG3+'Rejection Primary with Scan'!AG3+'Rejection Secondary'!AG3+'Rev DC DC Primary Sorting'!AG3+'Rev Primary (FSM Rejections)'!AG3+'Rev Secondary Sorting'!AG3+'VIA Bag Sorting'!AG3 | AH3: ='BBB'!AH3+'Bag Staging'!AH3+'Bag Staging Volumetric'!AH3+'FWD FSM'!AH3+'FWD Manual Pre Primary'!AH3+'FWD Manual Primary'!AH3+'FWD Primary with Scan'!AH3+'FWD Secondary'!AH3+'FWD Volumetric'!AH3+'IB'!AH3+'IB Volumetric'!AH3+'OB'!AH3+'OB Volumetric'!AH3+'OSC Bag Sorting'!AH3+'OSC Bag Sorting Volumetric'!AH3+'REV FSM'!AH3+'Rejection Primary with Scan'!AH3+'Rejection Secondary'!AH3+'Rev DC DC Primary Sorting'!AH3+'Rev Primary (FSM Rejections)'!AH3+'Rev Secondary Sorting'!AH3+'VIA Bag Sorting'!AH3 | AI3: ='BBB'!AI3+'Bag Staging'!AI3+'Bag Staging Volumetric'!AI3+'FWD FSM'!AI3+'FWD Manual Pre Primary'!AI3+'FWD Manual Primary'!AI3+'FWD Primary with Scan'!AI3+'FWD Secondary'!AI3+'FWD Volumetric'!AI3+'IB'!AI3+'IB Volumetric'!AI3+'OB'!AI3+'OB Volumetric'!AI3+'OSC Bag Sorting'!AI3+'OSC Bag Sorting Volumetric'!AI3+'REV FSM'!AI3+'Rejection Primary with Scan'!AI3+'Rejection Secondary'!AI3+'Rev DC DC Primary Sorting'!AI3+'Rev Primary (FSM Rejections)'!AI3+'Rev Secondary Sorting'!AI3+'VIA Bag Sorting'!AI3 | AJ3: ='BBB'!AJ3+'Bag Staging'!AJ3+'Bag Staging Volumetric'!AJ3+'FWD FSM'!AJ3+'FWD Manual Pre Primary'!AJ3+'FWD Manual Primary'!AJ3+'FWD Primary with Scan'!AJ3+'FWD Secondary'!AJ3+'FWD Volumetric'!AJ3+'IB'!AJ3+'IB Volumetric'!AJ3+'OB'!AJ3+'OB Volumetric'!AJ3+'OSC Bag Sorting'!AJ3+'OSC Bag Sorting Volumetric'!AJ3+'REV FSM'!AJ3+'Rejection Primary with Scan'!AJ3+'Rejection Secondary'!AJ3+'Rev DC DC Primary Sorting'!AJ3+'Rev Primary (FSM Rejections)'!AJ3+'Rev Secondary Sorting'!AJ3+'VIA Bag Sorting'!AJ3 | AK3: ='BBB'!AK3+'Bag Staging'!AK3+'Bag Staging Volumetric'!AK3+'FWD FSM'!AK3+'FWD Manual Pre Primary'!AK3+'FWD Manual Primary'!AK3+'FWD Primary with Scan'!AK3+'FWD Secondary'!AK3+'FWD Volumetric'!AK3+'IB'!AK3+'IB Volumetric'!AK3+'OB'!AK3+'OB Volumetric'!AK3+'OSC Bag Sorting'!AK3+'OSC Bag Sorting Volumetric'!AK3+'REV FSM'!AK3+'Rejection Primary with Scan'!AK3+'Rejection Secondary'!AK3+'Rev DC DC Primary Sorting'!AK3+'Rev Primary (FSM Rejections)'!AK3+'Rev Secondary Sorting'!AK3+'VIA Bag Sorting'!AK3 | ... BA3: ='BBB'!BA3+'Bag Staging'!BA3+'Bag Staging Volumetric'!BA3+'FWD FSM'!BA3+'FWD Manual Pre Primary'!BA3+'FWD Manual Primary'!BA3+'FWD Primary with Scan'!BA3+'FWD Secondary'!BA3+'FWD Volumetric'!BA3+'IB'!BA3+'IB Volumetric'!BA3+'OB'!BA3+'OB Volumetric'!BA3+'OSC Bag Sorting'!BA3+'OSC Bag Sorting Volumetric'!BA3+'REV FSM'!BA3+'Rejection Primary with Scan'!BA3+'Rejection Secondary'!BA3+'Rev DC DC Primary Sorting'!BA3+'Rev Primary (FSM Rejections)'!BA3+'Rev Secondary Sorting'!BA3+'VIA Bag Sorting'!BA3 | BB3: =SUM(AD3:BA3)
A4: AMD-AIR-NEW-SSC | B4: Forward Regular OSC | C4: 46096 | D4: 0 | E4: 0 | F4: 0 | G4: 0 | H4: 0 | I4: 0 | J4: 0 | K4: 0 | L4: 0 | M4: 0 | N4: 0 | O4: 0 | P4: 0 | Q4: 0 | R4: 371 | S4: 1 | T4: 0 | U4: 0 | V4: 0 | W4: 0 | X4: 0 | Y4: 0 | Z4: 0 | AA4: 0 | AB4: =SUM(D4:AA4) | AD4: ='BBB'!AD4+'Bag Staging'!AD4+'Bag Staging Volumetric'!AD4+'FWD FSM'!AD4+'FWD Manual Pre Primary'!AD4+'FWD Manual Primary'!AD4+'FWD Primary with Scan'!AD4+'FWD Secondary'!AD4+'FWD Volumetric'!AD4+'IB'!AD4+'IB Volumetric'!AD4+'OB'!AD4+'OB Volumetric'!AD4+'OSC Bag Sorting'!AD4+'OSC Bag Sorting Volumetric'!AD4+'REV FSM'!AD4+'Rejection Primary with Scan'!AD4+'Rejection Secondary'!AD4+'Rev DC DC Primary Sorting'!AD4+'Rev Primary (FSM Rejections)'!AD4+'Rev Secondary Sorting'!AD4+'VIA Bag Sorting'!AD4 | AE4: ='BBB'!AE4+'Bag Staging'!AE4+'Bag Staging Volumetric'!AE4+'FWD FSM'!AE4+'FWD Manual Pre Primary'!AE4+'FWD Manual Primary'!AE4+'FWD Primary with Scan'!AE4+'FWD Secondary'!AE4+'FWD Volumetric'!AE4+'IB'!AE4+'IB Volumetric'!AE4+'OB'!AE4+'OB Volumetric'!AE4+'OSC Bag Sorting'!AE4+'OSC Bag Sorting Volumetric'!AE4+'REV FSM'!AE4+'Rejection Primary with Scan'!AE4+'Rejection Secondary'!AE4+'Rev DC DC Primary Sorting'!AE4+'Rev Primary (FSM Rejections)'!AE4+'Rev Secondary Sorting'!AE4+'VIA Bag Sorting'!AE4 | AF4: ='BBB'!AF4+'Bag Staging'!AF4+'Bag Staging Volumetric'!AF4+'FWD FSM'!AF4+'FWD Manual Pre Primary'!AF4+'FWD Manual Primary'!AF4+'FWD Primary with Scan'!AF4+'FWD Secondary'!AF4+'FWD Volumetric'!AF4+'IB'!AF4+'IB Volumetric'!AF4+'OB'!AF4+'OB Volumetric'!AF4+'OSC Bag Sorting'!AF4+'OSC Bag Sorting Volumetric'!AF4+'REV FSM'!AF4+'Rejection Primary with Scan'!AF4+'Rejection Secondary'!AF4+'Rev DC DC Primary Sorting'!AF4+'Rev Primary (FSM Rejections)'!AF4+'Rev Secondary Sorting'!AF4+'VIA Bag Sorting'!AF4 | AG4: ='BBB'!AG4+'Bag Staging'!AG4+'Bag Staging Volumetric'!AG4+'FWD FSM'!AG4+'FWD Manual Pre Primary'!AG4+'FWD Manual Primary'!AG4+'FWD Primary with Scan'!AG4+'FWD Secondary'!AG4+'FWD Volumetric'!AG4+'IB'!AG4+'IB Volumetric'!AG4+'OB'!AG4+'OB Volumetric'!AG4+'OSC Bag Sorting'!AG4+'OSC Bag Sorting Volumetric'!AG4+'REV FSM'!AG4+'Rejection Primary with Scan'!AG4+'Rejection Secondary'!AG4+'Rev DC DC Primary Sorting'!AG4+'Rev Primary (FSM Rejections)'!AG4+'Rev Secondary Sorting'!AG4+'VIA Bag Sorting'!AG4 | AH4: ='BBB'!AH4+'Bag Staging'!AH4+'Bag Staging Volumetric'!AH4+'FWD FSM'!AH4+'FWD Manual Pre Primary'!AH4+'FWD Manual Primary'!AH4+'FWD Primary with Scan'!AH4+'FWD Secondary'!AH4+'FWD Volumetric'!AH4+'IB'!AH4+'IB Volumetric'!AH4+'OB'!AH4+'OB Volumetric'!AH4+'OSC Bag Sorting'!AH4+'OSC Bag Sorting Volumetric'!AH4+'REV FSM'!AH4+'Rejection Primary with Scan'!AH4+'Rejection Secondary'!AH4+'Rev DC DC Primary Sorting'!AH4+'Rev Primary (FSM Rejections)'!AH4+'Rev Secondary Sorting'!AH4+'VIA Bag Sorting'!AH4 | AI4: ='BBB'!AI4+'Bag Staging'!AI4+'Bag Staging Volumetric'!AI4+'FWD FSM'!AI4+'FWD Manual Pre Primary'!AI4+'FWD Manual Primary'!AI4+'FWD Primary with Scan'!AI4+'FWD Secondary'!AI4+'FWD Volumetric'!AI4+'IB'!AI4+'IB Volumetric'!AI4+'OB'!AI4+'OB Volumetric'!AI4+'OSC Bag Sorting'!AI4+'OSC Bag Sorting Volumetric'!AI4+'REV FSM'!AI4+'Rejection Primary with Scan'!AI4+'Rejection Secondary'!AI4+'Rev DC DC Primary Sorting'!AI4+'Rev Primary (FSM Rejections)'!AI4+'Rev Secondary Sorting'!AI4+'VIA Bag Sorting'!AI4 | AJ4: ='BBB'!AJ4+'Bag Staging'!AJ4+'Bag Staging Volumetric'!AJ4+'FWD FSM'!AJ4+'FWD Manual Pre Primary'!AJ4+'FWD Manual Primary'!AJ4+'FWD Primary with Scan'!AJ4+'FWD Secondary'!AJ4+'FWD Volumetric'!AJ4+'IB'!AJ4+'IB Volumetric'!AJ4+'OB'!AJ4+'OB Volumetric'!AJ4+'OSC Bag Sorting'!AJ4+'OSC Bag Sorting Volumetric'!AJ4+'REV FSM'!AJ4+'Rejection Primary with Scan'!AJ4+'Rejection Secondary'!AJ4+'Rev DC DC Primary Sorting'!AJ4+'Rev Primary (FSM Rejections)'!AJ4+'Rev Secondary Sorting'!AJ4+'VIA Bag Sorting'!AJ4 | AK4: ='BBB'!AK4+'Bag Staging'!AK4+'Bag Staging Volumetric'!AK4+'FWD FSM'!AK4+'FWD Manual Pre Primary'!AK4+'FWD Manual Primary'!AK4+'FWD Primary with Scan'!AK4+'FWD Secondary'!AK4+'FWD Volumetric'!AK4+'IB'!AK4+'IB Volumetric'!AK4+'OB'!AK4+'OB Volumetric'!AK4+'OSC Bag Sorting'!AK4+'OSC Bag Sorting Volumetric'!AK4+'REV FSM'!AK4+'Rejection Primary with Scan'!AK4+'Rejection Secondary'!AK4+'Rev DC DC Primary Sorting'!AK4+'Rev Primary (FSM Rejections)'!AK4+'Rev Secondary Sorting'!AK4+'VIA Bag Sorting'!AK4 | ... BA4: ='BBB'!BA4+'Bag Staging'!BA4+'Bag Staging Volumetric'!BA4+'FWD FSM'!BA4+'FWD Manual Pre Primary'!BA4+'FWD Manual Primary'!BA4+'FWD Primary with Scan'!BA4+'FWD Secondary'!BA4+'FWD Volumetric'!BA4+'IB'!BA4+'IB Volumetric'!BA4+'OB'!BA4+'OB Volumetric'!BA4+'OSC Bag Sorting'!BA4+'OSC Bag Sorting Volumetric'!BA4+'REV FSM'!BA4+'Rejection Primary with Scan'!BA4+'Rejection Secondary'!BA4+'Rev DC DC Primary Sorting'!BA4+'Rev Primary (FSM Rejections)'!BA4+'Rev Secondary Sorting'!BA4+'VIA Bag Sorting'!BA4 | BB4: =SUM(AD4:BA4)
A5: AMD-AIR-NEW-SSC | B5: Forward Regular OSC | C5: 46097 | D5: 0 | E5: 0 | F5: 0 | G5: 0 | H5: 0 | I5: 0 | J5: 0 | K5: 0 | L5: 0 | M5: 0 | N5: 0 | O5: 0 | P5: 0 | Q5: 0 | R5: 198 | S5: 1 | T5: 0 | U5: 0 | V5: 0 | W5: 0 | X5: 0 | Y5: 0 | Z5: 0 | AA5: 0 | AB5: =SUM(D5:AA5) | AD5: ='BBB'!AD5+'Bag Staging'!AD5+'Bag Staging Volumetric'!AD5+'FWD FSM'!AD5+'FWD Manual Pre Primary'!AD5+'FWD Manual Primary'!AD5+'FWD Primary with Scan'!AD5+'FWD Secondary'!AD5+'FWD Volumetric'!AD5+'IB'!AD5+'IB Volumetric'!AD5+'OB'!AD5+'OB Volumetric'!AD5+'OSC Bag Sorting'!AD5+'OSC Bag Sorting Volumetric'!AD5+'REV FSM'!AD5+'Rejection Primary with Scan'!AD5+'Rejection Secondary'!AD5+'Rev DC DC Primary Sorting'!AD5+'Rev Primary (FSM Rejections)'!AD5+'Rev Secondary Sorting'!AD5+'VIA Bag Sorting'!AD5 | AE5: ='BBB'!AE5+'Bag Staging'!AE5+'Bag Staging Volumetric'!AE5+'FWD FSM'!AE5+'FWD Manual Pre Primary'!AE5+'FWD Manual Primary'!AE5+'FWD Primary with Scan'!AE5+'FWD Secondary'!AE5+'FWD Volumetric'!AE5+'IB'!AE5+'IB Volumetric'!AE5+'OB'!AE5+'OB Volumetric'!AE5+'OSC Bag Sorting'!AE5+'OSC Bag Sorting Volumetric'!AE5+'REV FSM'!AE5+'Rejection Primary with Scan'!AE5+'Rejection Secondary'!AE5+'Rev DC DC Primary Sorting'!AE5+'Rev Primary (FSM Rejections)'!AE5+'Rev Secondary Sorting'!AE5+'VIA Bag Sorting'!AE5 | AF5: ='BBB'!AF5+'Bag Staging'!AF5+'Bag Staging Volumetric'!AF5+'FWD FSM'!AF5+'FWD Manual Pre Primary'!AF5+'FWD Manual Primary'!AF5+'FWD Primary with Scan'!AF5+'FWD Secondary'!AF5+'FWD Volumetric'!AF5+'IB'!AF5+'IB Volumetric'!AF5+'OB'!AF5+'OB Volumetric'!AF5+'OSC Bag Sorting'!AF5+'OSC Bag Sorting Volumetric'!AF5+'REV FSM'!AF5+'Rejection Primary with Scan'!AF5+'Rejection Secondary'!AF5+'Rev DC DC Primary Sorting'!AF5+'Rev Primary (FSM Rejections)'!AF5+'Rev Secondary Sorting'!AF5+'VIA Bag Sorting'!AF5 | AG5: ='BBB'!AG5+'Bag Staging'!AG5+'Bag Staging Volumetric'!AG5+'FWD FSM'!AG5+'FWD Manual Pre Primary'!AG5+'FWD Manual Primary'!AG5+'FWD Primary with Scan'!AG5+'FWD Secondary'!AG5+'FWD Volumetric'!AG5+'IB'!AG5+'IB Volumetric'!AG5+'OB'!AG5+'OB Volumetric'!AG5+'OSC Bag Sorting'!AG5+'OSC Bag Sorting Volumetric'!AG5+'REV FSM'!AG5+'Rejection Primary with Scan'!AG5+'Rejection Secondary'!AG5+'Rev DC DC Primary Sorting'!AG5+'Rev Primary (FSM Rejections)'!AG5+'Rev Secondary Sorting'!AG5+'VIA Bag Sorting'!AG5 | AH5: ='BBB'!AH5+'Bag Staging'!AH5+'Bag Staging Volumetric'!AH5+'FWD FSM'!AH5+'FWD Manual Pre Primary'!AH5+'FWD Manual Primary'!AH5+'FWD Primary with Scan'!AH5+'FWD Secondary'!AH5+'FWD Volumetric'!AH5+'IB'!AH5+'IB Volumetric'!AH5+'OB'!AH5+'OB Volumetric'!AH5+'OSC Bag Sorting'!AH5+'OSC Bag Sorting Volumetric'!AH5+'REV FSM'!AH5+'Rejection Primary with Scan'!AH5+'Rejection Secondary'!AH5+'Rev DC DC Primary Sorting'!AH5+'Rev Primary (FSM Rejections)'!AH5+'Rev Secondary Sorting'!AH5+'VIA Bag Sorting'!AH5 | AI5: ='BBB'!AI5+'Bag Staging'!AI5+'Bag Staging Volumetric'!AI5+'FWD FSM'!AI5+'FWD Manual Pre Primary'!AI5+'FWD Manual Primary'!AI5+'FWD Primary with Scan'!AI5+'FWD Secondary'!AI5+'FWD Volumetric'!AI5+'IB'!AI5+'IB Volumetric'!AI5+'OB'!AI5+'OB Volumetric'!AI5+'OSC Bag Sorting'!AI5+'OSC Bag Sorting Volumetric'!AI5+'REV FSM'!AI5+'Rejection Primary with Scan'!AI5+'Rejection Secondary'!AI5+'Rev DC DC Primary Sorting'!AI5+'Rev Primary (FSM Rejections)'!AI5+'Rev Secondary Sorting'!AI5+'VIA Bag Sorting'!AI5 | AJ5: ='BBB'!AJ5+'Bag Staging'!AJ5+'Bag Staging Volumetric'!AJ5+'FWD FSM'!AJ5+'FWD Manual Pre Primary'!AJ5+'FWD Manual Primary'!AJ5+'FWD Primary with Scan'!AJ5+'FWD Secondary'!AJ5+'FWD Volumetric'!AJ5+'IB'!AJ5+'IB Volumetric'!AJ5+'OB'!AJ5+'OB Volumetric'!AJ5+'OSC Bag Sorting'!AJ5+'OSC Bag Sorting Volumetric'!AJ5+'REV FSM'!AJ5+'Rejection Primary with Scan'!AJ5+'Rejection Secondary'!AJ5+'Rev DC DC Primary Sorting'!AJ5+'Rev Primary (FSM Rejections)'!AJ5+'Rev Secondary Sorting'!AJ5+'VIA Bag Sorting'!AJ5 | AK5: ='BBB'!AK5+'Bag Staging'!AK5+'Bag Staging Volumetric'!AK5+'FWD FSM'!AK5+'FWD Manual Pre Primary'!AK5+'FWD Manual Primary'!AK5+'FWD Primary with Scan'!AK5+'FWD Secondary'!AK5+'FWD Volumetric'!AK5+'IB'!AK5+'IB Volumetric'!AK5+'OB'!AK5+'OB Volumetric'!AK5+'OSC Bag Sorting'!AK5+'OSC Bag Sorting Volumetric'!AK5+'REV FSM'!AK5+'Rejection Primary with Scan'!AK5+'Rejection Secondary'!AK5+'Rev DC DC Primary Sorting'!AK5+'Rev Primary (FSM Rejections)'!AK5+'Rev Secondary Sorting'!AK5+'VIA Bag Sorting'!AK5 | ... BA5: ='BBB'!BA5+'Bag Staging'!BA5+'Bag Staging Volumetric'!BA5+'FWD FSM'!BA5+'FWD Manual Pre Primary'!BA5+'FWD Manual Primary'!BA5+'FWD Primary with Scan'!BA5+'FWD Secondary'!BA5+'FWD Volumetric'!BA5+'IB'!BA5+'IB Volumetric'!BA5+'OB'!BA5+'OB Volumetric'!BA5+'OSC Bag Sorting'!BA5+'OSC Bag Sorting Volumetric'!BA5+'REV FSM'!BA5+'Rejection Primary with Scan'!BA5+'Rejection Secondary'!BA5+'Rev DC DC Primary Sorting'!BA5+'Rev Primary (FSM Rejections)'!BA5+'Rev Secondary Sorting'!BA5+'VIA Bag Sorting'!BA5 | BB5: =SUM(AD5:BA5)
A6: AMD-AIR-NEW-SSC | B6: Forward Regular OSC | C6: 46100 | D6: 0 | E6: 0 | F6: 0 | G6: 0 | H6: 0 | I6: 0 | J6: 0 | K6: 0 | L6: 0 | M6: 0 | N6: 0 | O6: 0 | P6: 0 | Q6: 0 | R6: 306 | S6: 328 | T6: 0 | U6: 0 | V6: 0 | W6: 0 | X6: 0 | Y6: 0 | Z6: 0 | AA6: 0 | AB6: =SUM(D6:AA6) | AD6: ='BBB'!AD6+'Bag Staging'!AD6+'Bag Staging Volumetric'!AD6+'FWD FSM'!AD6+'FWD Manual Pre Primary'!AD6+'FWD Manual Primary'!AD6+'FWD Primary with Scan'!AD6+'FWD Secondary'!AD6+'FWD Volumetric'!AD6+'IB'!AD6+'IB Volumetric'!AD6+'OB'!AD6+'OB Volumetric'!AD6+'OSC Bag Sorting'!AD6+'OSC Bag Sorting Volumetric'!AD6+'REV FSM'!AD6+'Rejection Primary with Scan'!AD6+'Rejection Secondary'!AD6+'Rev DC DC Primary Sorting'!AD6+'Rev Primary (FSM Rejections)'!AD6+'Rev Secondary Sorting'!AD6+'VIA Bag Sorting'!AD6 | AE6: ='BBB'!AE6+'Bag Staging'!AE6+'Bag Staging Volumetric'!AE6+'FWD FSM'!AE6+'FWD Manual Pre Primary'!AE6+'FWD Manual Primary'!AE6+'FWD Primary with Scan'!AE6+'FWD Secondary'!AE6+'FWD Volumetric'!AE6+'IB'!AE6+'IB Volumetric'!AE6+'OB'!AE6+'OB Volumetric'!AE6+'OSC Bag Sorting'!AE6+'OSC Bag Sorting Volumetric'!AE6+'REV FSM'!AE6+'Rejection Primary with Scan'!AE6+'Rejection Secondary'!AE6+'Rev DC DC Primary Sorting'!AE6+'Rev Primary (FSM Rejections)'!AE6+'Rev Secondary Sorting'!AE6+'VIA Bag Sorting'!AE6 | AF6: ='BBB'!AF6+'Bag Staging'!AF6+'Bag Staging Volumetric'!AF6+'FWD FSM'!AF6+'FWD Manual Pre Primary'!AF6+'FWD Manual Primary'!AF6+'FWD Primary with Scan'!AF6+'FWD Secondary'!AF6+'FWD Volumetric'!AF6+'IB'!AF6+'IB Volumetric'!AF6+'OB'!AF6+'OB Volumetric'!AF6+'OSC Bag Sorting'!AF6+'OSC Bag Sorting Volumetric'!AF6+'REV FSM'!AF6+'Rejection Primary with Scan'!AF6+'Rejection Secondary'!AF6+'Rev DC DC Primary Sorting'!AF6+'Rev Primary (FSM Rejections)'!AF6+'Rev Secondary Sorting'!AF6+'VIA Bag Sorting'!AF6 | AG6: ='BBB'!AG6+'Bag Staging'!AG6+'Bag Staging Volumetric'!AG6+'FWD FSM'!AG6+'FWD Manual Pre Primary'!AG6+'FWD Manual Primary'!AG6+'FWD Primary with Scan'!AG6+'FWD Secondary'!AG6+'FWD Volumetric'!AG6+'IB'!AG6+'IB Volumetric'!AG6+'OB'!AG6+'OB Volumetric'!AG6+'OSC Bag Sorting'!AG6+'OSC Bag Sorting Volumetric'!AG6+'REV FSM'!AG6+'Rejection Primary with Scan'!AG6+'Rejection Secondary'!AG6+'Rev DC DC Primary Sorting'!AG6+'Rev Primary (FSM Rejections)'!AG6+'Rev Secondary Sorting'!AG6+'VIA Bag Sorting'!AG6 | AH6: ='BBB'!AH6+'Bag Staging'!AH6+'Bag Staging Volumetric'!AH6+'FWD FSM'!AH6+'FWD Manual Pre Primary'!AH6+'FWD Manual Primary'!AH6+'FWD Primary with Scan'!AH6+'FWD Secondary'!AH6+'FWD Volumetric'!AH6+'IB'!AH6+'IB Volumetric'!AH6+'OB'!AH6+'OB Volumetric'!AH6+'OSC Bag Sorting'!AH6+'OSC Bag Sorting Volumetric'!AH6+'REV FSM'!AH6+'Rejection Primary with Scan'!AH6+'Rejection Secondary'!AH6+'Rev DC DC Primary Sorting'!AH6+'Rev Primary (FSM Rejections)'!AH6+'Rev Secondary Sorting'!AH6+'VIA Bag Sorting'!AH6 | AI6: ='BBB'!AI6+'Bag Staging'!AI6+'Bag Staging Volumetric'!AI6+'FWD FSM'!AI6+'FWD Manual Pre Primary'!AI6+'FWD Manual Primary'!AI6+'FWD Primary with Scan'!AI6+'FWD Secondary'!AI6+'FWD Volumetric'!AI6+'IB'!AI6+'IB Volumetric'!AI6+'OB'!AI6+'OB Volumetric'!AI6+'OSC Bag Sorting'!AI6+'OSC Bag Sorting Volumetric'!AI6+'REV FSM'!AI6+'Rejection Primary with Scan'!AI6+'Rejection Secondary'!AI6+'Rev DC DC Primary Sorting'!AI6+'Rev Primary (FSM Rejections)'!AI6+'Rev Secondary Sorting'!AI6+'VIA Bag Sorting'!AI6 | AJ6: ='BBB'!AJ6+'Bag Staging'!AJ6+'Bag Staging Volumetric'!AJ6+'FWD FSM'!AJ6+'FWD Manual Pre Primary'!AJ6+'FWD Manual Primary'!AJ6+'FWD Primary with Scan'!AJ6+'FWD Secondary'!AJ6+'FWD Volumetric'!AJ6+'IB'!AJ6+'IB Volumetric'!AJ6+'OB'!AJ6+'OB Volumetric'!AJ6+'OSC Bag Sorting'!AJ6+'OSC Bag Sorting Volumetric'!AJ6+'REV FSM'!AJ6+'Rejection Primary with Scan'!AJ6+'Rejection Secondary'!AJ6+'Rev DC DC Primary Sorting'!AJ6+'Rev Primary (FSM Rejections)'!AJ6+'Rev Secondary Sorting'!AJ6+'VIA Bag Sorting'!AJ6 | AK6: ='BBB'!AK6+'Bag Staging'!AK6+'Bag Staging Volumetric'!AK6+'FWD FSM'!AK6+'FWD Manual Pre Primary'!AK6+'FWD Manual Primary'!AK6+'FWD Primary with Scan'!AK6+'FWD Secondary'!AK6+'FWD Volumetric'!AK6+'IB'!AK6+'IB Volumetric'!AK6+'OB'!AK6+'OB Volumetric'!AK6+'OSC Bag Sorting'!AK6+'OSC Bag Sorting Volumetric'!AK6+'REV FSM'!AK6+'Rejection Primary with Scan'!AK6+'Rejection Secondary'!AK6+'Rev DC DC Primary Sorting'!AK6+'Rev Primary (FSM Rejections)'!AK6+'Rev Secondary Sorting'!AK6+'VIA Bag Sorting'!AK6 | ... BA6: ='BBB'!BA6+'Bag Staging'!BA6+'Bag Staging Volumetric'!BA6+'FWD FSM'!BA6+'FWD Manual Pre Primary'!BA6+'FWD Manual Primary'!BA6+'FWD Primary with Scan'!BA6+'FWD Secondary'!BA6+'FWD Volumetric'!BA6+'IB'!BA6+'IB Volumetric'!BA6+'OB'!BA6+'OB Volumetric'!BA6+'OSC Bag Sorting'!BA6+'OSC Bag Sorting Volumetric'!BA6+'REV FSM'!BA6+'Rejection Primary with Scan'!BA6+'Rejection Secondary'!BA6+'Rev DC DC Primary Sorting'!BA6+'Rev Primary (FSM Rejections)'!BA6+'Rev Secondary Sorting'!BA6+'VIA Bag Sorting'!BA6 | BB6: =SUM(AD6:BA6)
A7: AMD-AIR-NEW-SSC | B7: Forward Regular OSC | C7: 46101 | D7: 0 | E7: 0 | F7: 0 | G7: 0 | H7: 0 | I7: 0 | J7: 0 | K7: 0 | L7: 0 | M7: 0 | N7: 0 | O7: 0 | P7: 0 | Q7: 0 | R7: 0 | S7: 376 | T7: 250 | U7: 0 | V7: 0 | W7: 0 | X7: 0 | Y7: 0 | Z7: 0 | AA7: 0 | AB7: =SUM(D7:AA7) | AD7: ='BBB'!AD7+'Bag Staging'!AD7+'Bag Staging Volumetric'!AD7+'FWD FSM'!AD7+'FWD Manual Pre Primary'!AD7+'FWD Manual Primary'!AD7+'FWD Primary with Scan'!AD7+'FWD Secondary'!AD7+'FWD Volumetric'!AD7+'IB'!AD7+'IB Volumetric'!AD7+'OB'!AD7+'OB Volumetric'!AD7+'OSC Bag Sorting'!AD7+'OSC Bag Sorting Volumetric'!AD7+'REV FSM'!AD7+'Rejection Primary with Scan'!AD7+'Rejection Secondary'!AD7+'Rev DC DC Primary Sorting'!AD7+'Rev Primary (FSM Rejections)'!AD7+'Rev Secondary Sorting'!AD7+'VIA Bag Sorting'!AD7 | AE7: ='BBB'!AE7+'Bag Staging'!AE7+'Bag Staging Volumetric'!AE7+'FWD FSM'!AE7+'FWD Manual Pre Primary'!AE7+'FWD Manual Primary'!AE7+'FWD Primary with Scan'!AE7+'FWD Secondary'!AE7+'FWD Volumetric'!AE7+'IB'!AE7+'IB Volumetric'!AE7+'OB'!AE7+'OB Volumetric'!AE7+'OSC Bag Sorting'!AE7+'OSC Bag Sorting Volumetric'!AE7+'REV FSM'!AE7+'Rejection Primary with Scan'!AE7+'Rejection Secondary'!AE7+'Rev DC DC Primary Sorting'!AE7+'Rev Primary (FSM Rejections)'!AE7+'Rev Secondary Sorting'!AE7+'VIA Bag Sorting'!AE7 | AF7: ='BBB'!AF7+'Bag Staging'!AF7+'Bag Staging Volumetric'!AF7+'FWD FSM'!AF7+'FWD Manual Pre Primary'!AF7+'FWD Manual Primary'!AF7+'FWD Primary with Scan'!AF7+'FWD Secondary'!AF7+'FWD Volumetric'!AF7+'IB'!AF7+'IB Volumetric'!AF7+'OB'!AF7+'OB Volumetric'!AF7+'OSC Bag Sorting'!AF7+'OSC Bag Sorting Volumetric'!AF7+'REV FSM'!AF7+'Rejection Primary with Scan'!AF7+'Rejection Secondary'!AF7+'Rev DC DC Primary Sorting'!AF7+'Rev Primary (FSM Rejections)'!AF7+'Rev Secondary Sorting'!AF7+'VIA Bag Sorting'!AF7 | AG7: ='BBB'!AG7+'Bag Staging'!AG7+'Bag Staging Volumetric'!AG7+'FWD FSM'!AG7+'FWD Manual Pre Primary'!AG7+'FWD Manual Primary'!AG7+'FWD Primary with Scan'!AG7+'FWD Secondary'!AG7+'FWD Volumetric'!AG7+'IB'!AG7+'IB Volumetric'!AG7+'OB'!AG7+'OB Volumetric'!AG7+'OSC Bag Sorting'!AG7+'OSC Bag Sorting Volumetric'!AG7+'REV FSM'!AG7+'Rejection Primary with Scan'!AG7+'Rejection Secondary'!AG7+'Rev DC DC Primary Sorting'!AG7+'Rev Primary (FSM Rejections)'!AG7+'Rev Secondary Sorting'!AG7+'VIA Bag Sorting'!AG7 | AH7: ='BBB'!AH7+'Bag Staging'!AH7+'Bag Staging Volumetric'!AH7+'FWD FSM'!AH7+'FWD Manual Pre Primary'!AH7+'FWD Manual Primary'!AH7+'FWD Primary with Scan'!AH7+'FWD Secondary'!AH7+'FWD Volumetric'!AH7+'IB'!AH7+'IB Volumetric'!AH7+'OB'!AH7+'OB Volumetric'!AH7+'OSC Bag Sorting'!AH7+'OSC Bag Sorting Volumetric'!AH7+'REV FSM'!AH7+'Rejection Primary with Scan'!AH7+'Rejection Secondary'!AH7+'Rev DC DC Primary Sorting'!AH7+'Rev Primary (FSM Rejections)'!AH7+'Rev Secondary Sorting'!AH7+'VIA Bag Sorting'!AH7 | AI7: ='BBB'!AI7+'Bag Staging'!AI7+'Bag Staging Volumetric'!AI7+'FWD FSM'!AI7+'FWD Manual Pre Primary'!AI7+'FWD Manual Primary'!AI7+'FWD Primary with Scan'!AI7+'FWD Secondary'!AI7+'FWD Volumetric'!AI7+'IB'!AI7+'IB Volumetric'!AI7+'OB'!AI7+'OB Volumetric'!AI7+'OSC Bag Sorting'!AI7+'OSC Bag Sorting Volumetric'!AI7+'REV FSM'!AI7+'Rejection Primary with Scan'!AI7+'Rejection Secondary'!AI7+'Rev DC DC Primary Sorting'!AI7+'Rev Primary (FSM Rejections)'!AI7+'Rev Secondary Sorting'!AI7+'VIA Bag Sorting'!AI7 | AJ7: ='BBB'!AJ7+'Bag Staging'!AJ7+'Bag Staging Volumetric'!AJ7+'FWD FSM'!AJ7+'FWD Manual Pre Primary'!AJ7+'FWD Manual Primary'!AJ7+'FWD Primary with Scan'!AJ7+'FWD Secondary'!AJ7+'FWD Volumetric'!AJ7+'IB'!AJ7+'IB Volumetric'!AJ7+'OB'!AJ7+'OB Volumetric'!AJ7+'OSC Bag Sorting'!AJ7+'OSC Bag Sorting Volumetric'!AJ7+'REV FSM'!AJ7+'Rejection Primary with Scan'!AJ7+'Rejection Secondary'!AJ7+'Rev DC DC Primary Sorting'!AJ7+'Rev Primary (FSM Rejections)'!AJ7+'Rev Secondary Sorting'!AJ7+'VIA Bag Sorting'!AJ7 | AK7: ='BBB'!AK7+'Bag Staging'!AK7+'Bag Staging Volumetric'!AK7+'FWD FSM'!AK7+'FWD Manual Pre Primary'!AK7+'FWD Manual Primary'!AK7+'FWD Primary with Scan'!AK7+'FWD Secondary'!AK7+'FWD Volumetric'!AK7+'IB'!AK7+'IB Volumetric'!AK7+'OB'!AK7+'OB Volumetric'!AK7+'OSC Bag Sorting'!AK7+'OSC Bag Sorting Volumetric'!AK7+'REV FSM'!AK7+'Rejection Primary with Scan'!AK7+'Rejection Secondary'!AK7+'Rev DC DC Primary Sorting'!AK7+'Rev Primary (FSM Rejections)'!AK7+'Rev Secondary Sorting'!AK7+'VIA Bag Sorting'!AK7 | ... BA7: ='BBB'!BA7+'Bag Staging'!BA7+'Bag Staging Volumetric'!BA7+'FWD FSM'!BA7+'FWD Manual Pre Primary'!BA7+'FWD Manual Primary'!BA7+'FWD Primary with Scan'!BA7+'FWD Secondary'!BA7+'FWD Volumetric'!BA7+'IB'!BA7+'IB Volumetric'!BA7+'OB'!BA7+'OB Volumetric'!BA7+'OSC Bag Sorting'!BA7+'OSC Bag Sorting Volumetric'!BA7+'REV FSM'!BA7+'Rejection Primary with Scan'!BA7+'Rejection Secondary'!BA7+'Rev DC DC Primary Sorting'!BA7+'Rev Primary (FSM Rejections)'!BA7+'Rev Secondary Sorting'!BA7+'VIA Bag Sorting'!BA7 | BB7: =SUM(AD7:BA7)
A8: AMD-AIR-NEW-SSC | B8: Forward Regular OSC | C8: 46102 | D8: 0 | E8: 0 | F8: 0 | G8: 0 | H8: 0 | I8: 0 | J8: 0 | K8: 0 | L8: 0 | M8: 0 | N8: 0 | O8: 0 | P8: 0 | Q8: 0 | R8: 55 | S8: 101 | T8: 0 | U8: 0 | V8: 0 | W8: 0 | X8: 0 | Y8: 0 | Z8: 0 | AA8: 0 | AB8: =SUM(D8:AA8) | AD8: ='BBB'!AD8+'Bag Staging'!AD8+'Bag Staging Volumetric'!AD8+'FWD FSM'!AD8+'FWD Manual Pre Primary'!AD8+'FWD Manual Primary'!AD8+'FWD Primary with Scan'!AD8+'FWD Secondary'!AD8+'FWD Volumetric'!AD8+'IB'!AD8+'IB Volumetric'!AD8+'OB'!AD8+'OB Volumetric'!AD8+'OSC Bag Sorting'!AD8+'OSC Bag Sorting Volumetric'!AD8+'REV FSM'!AD8+'Rejection Primary with Scan'!AD8+'Rejection Secondary'!AD8+'Rev DC DC Primary Sorting'!AD8+'Rev Primary (FSM Rejections)'!AD8+'Rev Secondary Sorting'!AD8+'VIA Bag Sorting'!AD8 | AE8: ='BBB'!AE8+'Bag Staging'!AE8+'Bag Staging Volumetric'!AE8+'FWD FSM'!AE8+'FWD Manual Pre Primary'!AE8+'FWD Manual Primary'!AE8+'FWD Primary with Scan'!AE8+'FWD Secondary'!AE8+'FWD Volumetric'!AE8+'IB'!AE8+'IB Volumetric'!AE8+'OB'!AE8+'OB Volumetric'!AE8+'OSC Bag Sorting'!AE8+'OSC Bag Sorting Volumetric'!AE8+'REV FSM'!AE8+'Rejection Primary with Scan'!AE8+'Rejection Secondary'!AE8+'Rev DC DC Primary Sorting'!AE8+'Rev Primary (FSM Rejections)'!AE8+'Rev Secondary Sorting'!AE8+'VIA Bag Sorting'!AE8 | AF8: ='BBB'!AF8+'Bag Staging'!AF8+'Bag Staging Volumetric'!AF8+'FWD FSM'!AF8+'FWD Manual Pre Primary'!AF8+'FWD Manual Primary'!AF8+'FWD Primary with Scan'!AF8+'FWD Secondary'!AF8+'FWD Volumetric'!AF8+'IB'!AF8+'IB Volumetric'!AF8+'OB'!AF8+'OB Volumetric'!AF8+'OSC Bag Sorting'!AF8+'OSC Bag Sorting Volumetric'!AF8+'REV FSM'!AF8+'Rejection Primary with Scan'!AF8+'Rejection Secondary'!AF8+'Rev DC DC Primary Sorting'!AF8+'Rev Primary (FSM Rejections)'!AF8+'Rev Secondary Sorting'!AF8+'VIA Bag Sorting'!AF8 | AG8: ='BBB'!AG8+'Bag Staging'!AG8+'Bag Staging Volumetric'!AG8+'FWD FSM'!AG8+'FWD Manual Pre Primary'!AG8+'FWD Manual Primary'!AG8+'FWD Primary with Scan'!AG8+'FWD Secondary'!AG8+'FWD Volumetric'!AG8+'IB'!AG8+'IB Volumetric'!AG8+'OB'!AG8+'OB Volumetric'!AG8+'OSC Bag Sorting'!AG8+'OSC Bag Sorting Volumetric'!AG8+'REV FSM'!AG8+'Rejection Primary with Scan'!AG8+'Rejection Secondary'!AG8+'Rev DC DC Primary Sorting'!AG8+'Rev Primary (FSM Rejections)'!AG8+'Rev Secondary Sorting'!AG8+'VIA Bag Sorting'!AG8 | AH8: ='BBB'!AH8+'Bag Staging'!AH8+'Bag Staging Volumetric'!AH8+'FWD FSM'!AH8+'FWD Manual Pre Primary'!AH8+'FWD Manual Primary'!AH8+'FWD Primary with Scan'!AH8+'FWD Secondary'!AH8+'FWD Volumetric'!AH8+'IB'!AH8+'IB Volumetric'!AH8+'OB'!AH8+'OB Volumetric'!AH8+'OSC Bag Sorting'!AH8+'OSC Bag Sorting Volumetric'!AH8+'REV FSM'!AH8+'Rejection Primary with Scan'!AH8+'Rejection Secondary'!AH8+'Rev DC DC Primary Sorting'!AH8+'Rev Primary (FSM Rejections)'!AH8+'Rev Secondary Sorting'!AH8+'VIA Bag Sorting'!AH8 | AI8: ='BBB'!AI8+'Bag Staging'!AI8+'Bag Staging Volumetric'!AI8+'FWD FSM'!AI8+'FWD Manual Pre Primary'!AI8+'FWD Manual Primary'!AI8+'FWD Primary with Scan'!AI8+'FWD Secondary'!AI8+'FWD Volumetric'!AI8+'IB'!AI8+'IB Volumetric'!AI8+'OB'!AI8+'OB Volumetric'!AI8+'OSC Bag Sorting'!AI8+'OSC Bag Sorting Volumetric'!AI8+'REV FSM'!AI8+'Rejection Primary with Scan'!AI8+'Rejection Secondary'!AI8+'Rev DC DC Primary Sorting'!AI8+'Rev Primary (FSM Rejections)'!AI8+'Rev Secondary Sorting'!AI8+'VIA Bag Sorting'!AI8 | AJ8: ='BBB'!AJ8+'Bag Staging'!AJ8+'Bag Staging Volumetric'!AJ8+'FWD FSM'!AJ8+'FWD Manual Pre Primary'!AJ8+'FWD Manual Primary'!AJ8+'FWD Primary with Scan'!AJ8+'FWD Secondary'!AJ8+'FWD Volumetric'!AJ8+'IB'!AJ8+'IB Volumetric'!AJ8+'OB'!AJ8+'OB Volumetric'!AJ8+'OSC Bag Sorting'!AJ8+'OSC Bag Sorting Volumetric'!AJ8+'REV FSM'!AJ8+'Rejection Primary with Scan'!AJ8+'Rejection Secondary'!AJ8+'Rev DC DC Primary Sorting'!AJ8+'Rev Primary (FSM Rejections)'!AJ8+'Rev Secondary Sorting'!AJ8+'VIA Bag Sorting'!AJ8 | AK8: ='BBB'!AK8+'Bag Staging'!AK8+'Bag Staging Volumetric'!AK8+'FWD FSM'!AK8+'FWD Manual Pre Primary'!AK8+'FWD Manual Primary'!AK8+'FWD Primary with Scan'!AK8+'FWD Secondary'!AK8+'FWD Volumetric'!AK8+'IB'!AK8+'IB Volumetric'!AK8+'OB'!AK8+'OB Volumetric'!AK8+'OSC Bag Sorting'!AK8+'OSC Bag Sorting Volumetric'!AK8+'REV FSM'!AK8+'Rejection Primary with Scan'!AK8+'Rejection Secondary'!AK8+'Rev DC DC Primary Sorting'!AK8+'Rev Primary (FSM Rejections)'!AK8+'Rev Secondary Sorting'!AK8+'VIA Bag Sorting'!AK8 | ... BA8: ='BBB'!BA8+'Bag Staging'!BA8+'Bag Staging Volumetric'!BA8+'FWD FSM'!BA8+'FWD Manual Pre Primary'!BA8+'FWD Manual Primary'!BA8+'FWD Primary with Scan'!BA8+'FWD Secondary'!BA8+'FWD Volumetric'!BA8+'IB'!BA8+'IB Volumetric'!BA8+'OB'!BA8+'OB Volumetric'!BA8+'OSC Bag Sorting'!BA8+'OSC Bag Sorting Volumetric'!BA8+'REV FSM'!BA8+'Rejection Primary with Scan'!BA8+'Rejection Secondary'!BA8+'Rev DC DC Primary Sorting'!BA8+'Rev Primary (FSM Rejections)'!BA8+'Rev Secondary Sorting'!BA8+'VIA Bag Sorting'!BA8 | BB8: =SUM(AD8:BA8)
A9: AMD-AIR-NEW-SSC | B9: Forward Regular OSC | C9: 46103 | D9: 0 | E9: 0 | F9: 0 | G9: 0 | H9: 0 | I9: 0 | J9: 0 | K9: 0 | L9: 0 | M9: 0 | N9: 0 | O9: 0 | P9: 0 | Q9: 0 | R9: 191 | S9: 0 | T9: 9 | U9: 0 | V9: 0 | W9: 0 | X9: 0 | Y9: 0 | Z9: 0 | AA9: 0 | AB9: =SUM(D9:AA9) | AD9: ='BBB'!AD9+'Bag Staging'!AD9+'Bag Staging Volumetric'!AD9+'FWD FSM'!AD9+'FWD Manual Pre Primary'!AD9+'FWD Manual Primary'!AD9+'FWD Primary with Scan'!AD9+'FWD Secondary'!AD9+'FWD Volumetric'!AD9+'IB'!AD9+'IB Volumetric'!AD9+'OB'!AD9+'OB Volumetric'!AD9+'OSC Bag Sorting'!AD9+'OSC Bag Sorting Volumetric'!AD9+'REV FSM'!AD9+'Rejection Primary with Scan'!AD9+'Rejection Secondary'!AD9+'Rev DC DC Primary Sorting'!AD9+'Rev Primary (FSM Rejections)'!AD9+'Rev Secondary Sorting'!AD9+'VIA Bag Sorting'!AD9 | AE9: ='BBB'!AE9+'Bag Staging'!AE9+'Bag Staging Volumetric'!AE9+'FWD FSM'!AE9+'FWD Manual Pre Primary'!AE9+'FWD Manual Primary'!AE9+'FWD Primary with Scan'!AE9+'FWD Secondary'!AE9+'FWD Volumetric'!AE9+'IB'!AE9+'IB Volumetric'!AE9+'OB'!AE9+'OB Volumetric'!AE9+'OSC Bag Sorting'!AE9+'OSC Bag Sorting Volumetric'!AE9+'REV FSM'!AE9+'Rejection Primary with Scan'!AE9+'Rejection Secondary'!AE9+'Rev DC DC Primary Sorting'!AE9+'Rev Primary (FSM Rejections)'!AE9+'Rev Secondary Sorting'!AE9+'VIA Bag Sorting'!AE9 | AF9: ='BBB'!AF9+'Bag Staging'!AF9+'Bag Staging Volumetric'!AF9+'FWD FSM'!AF9+'FWD Manual Pre Primary'!AF9+'FWD Manual Primary'!AF9+'FWD Primary with Scan'!AF9+'FWD Secondary'!AF9+'FWD Volumetric'!AF9+'IB'!AF9+'IB Volumetric'!AF9+'OB'!AF9+'OB Volumetric'!AF9+'OSC Bag Sorting'!AF9+'OSC Bag Sorting Volumetric'!AF9+'REV FSM'!AF9+'Rejection Primary with Scan'!AF9+'Rejection Secondary'!AF9+'Rev DC DC Primary Sorting'!AF9+'Rev Primary (FSM Rejections)'!AF9+'Rev Secondary Sorting'!AF9+'VIA Bag Sorting'!AF9 | AG9: ='BBB'!AG9+'Bag Staging'!AG9+'Bag Staging Volumetric'!AG9+'FWD FSM'!AG9+'FWD Manual Pre Primary'!AG9+'FWD Manual Primary'!AG9+'FWD Primary with Scan'!AG9+'FWD Secondary'!AG9+'FWD Volumetric'!AG9+'IB'!AG9+'IB Volumetric'!AG9+'OB'!AG9+'OB Volumetric'!AG9+'OSC Bag Sorting'!AG9+'OSC Bag Sorting Volumetric'!AG9+'REV FSM'!AG9+'Rejection Primary with Scan'!AG9+'Rejection Secondary'!AG9+'Rev DC DC Primary Sorting'!AG9+'Rev Primary (FSM Rejections)'!AG9+'Rev Secondary Sorting'!AG9+'VIA Bag Sorting'!AG9 | AH9: ='BBB'!AH9+'Bag Staging'!AH9+'Bag Staging Volumetric'!AH9+'FWD FSM'!AH9+'FWD Manual Pre Primary'!AH9+'FWD Manual Primary'!AH9+'FWD Primary with Scan'!AH9+'FWD Secondary'!AH9+'FWD Volumetric'!AH9+'IB'!AH9+'IB Volumetric'!AH9+'OB'!AH9+'OB Volumetric'!AH9+'OSC Bag Sorting'!AH9+'OSC Bag Sorting Volumetric'!AH9+'REV FSM'!AH9+'Rejection Primary with Scan'!AH9+'Rejection Secondary'!AH9+'Rev DC DC Primary Sorting'!AH9+'Rev Primary (FSM Rejections)'!AH9+'Rev Secondary Sorting'!AH9+'VIA Bag Sorting'!AH9 | AI9: ='BBB'!AI9+'Bag Staging'!AI9+'Bag Staging Volumetric'!AI9+'FWD FSM'!AI9+'FWD Manual Pre Primary'!AI9+'FWD Manual Primary'!AI9+'FWD Primary with Scan'!AI9+'FWD Secondary'!AI9+'FWD Volumetric'!AI9+'IB'!AI9+'IB Volumetric'!AI9+'OB'!AI9+'OB Volumetric'!AI9+'OSC Bag Sorting'!AI9+'OSC Bag Sorting Volumetric'!AI9+'REV FSM'!AI9+'Rejection Primary with Scan'!AI9+'Rejection Secondary'!AI9+'Rev DC DC Primary Sorting'!AI9+'Rev Primary (FSM Rejections)'!AI9+'Rev Secondary Sorting'!AI9+'VIA Bag Sorting'!AI9 | AJ9: ='BBB'!AJ9+'Bag Staging'!AJ9+'Bag Staging Volumetric'!AJ9+'FWD FSM'!AJ9+'FWD Manual Pre Primary'!AJ9+'FWD Manual Primary'!AJ9+'FWD Primary with Scan'!AJ9+'FWD Secondary'!AJ9+'FWD Volumetric'!AJ9+'IB'!AJ9+'IB Volumetric'!AJ9+'OB'!AJ9+'OB Volumetric'!AJ9+'OSC Bag Sorting'!AJ9+'OSC Bag Sorting Volumetric'!AJ9+'REV FSM'!AJ9+'Rejection Primary with Scan'!AJ9+'Rejection Secondary'!AJ9+'Rev DC DC Primary Sorting'!AJ9+'Rev Primary (FSM Rejections)'!AJ9+'Rev Secondary Sorting'!AJ9+'VIA Bag Sorting'!AJ9 | AK9: ='BBB'!AK9+'Bag Staging'!AK9+'Bag Staging Volumetric'!AK9+'FWD FSM'!AK9+'FWD Manual Pre Primary'!AK9+'FWD Manual Primary'!AK9+'FWD Primary with Scan'!AK9+'FWD Secondary'!AK9+'FWD Volumetric'!AK9+'IB'!AK9+'IB Volumetric'!AK9+'OB'!AK9+'OB Volumetric'!AK9+'OSC Bag Sorting'!AK9+'OSC Bag Sorting Volumetric'!AK9+'REV FSM'!AK9+'Rejection Primary with Scan'!AK9+'Rejection Secondary'!AK9+'Rev DC DC Primary Sorting'!AK9+'Rev Primary (FSM Rejections)'!AK9+'Rev Secondary Sorting'!AK9+'VIA Bag Sorting'!AK9 | ... BA9: ='BBB'!BA9+'Bag Staging'!BA9+'Bag Staging Volumetric'!BA9+'FWD FSM'!BA9+'FWD Manual Pre Primary'!BA9+'FWD Manual Primary'!BA9+'FWD Primary with Scan'!BA9+'FWD Secondary'!BA9+'FWD Volumetric'!BA9+'IB'!BA9+'IB Volumetric'!BA9+'OB'!BA9+'OB Volumetric'!BA9+'OSC Bag Sorting'!BA9+'OSC Bag Sorting Volumetric'!BA9+'REV FSM'!BA9+'Rejection Primary with Scan'!BA9+'Rejection Secondary'!BA9+'Rev DC DC Primary Sorting'!BA9+'Rev Primary (FSM Rejections)'!BA9+'Rev Secondary Sorting'!BA9+'VIA Bag Sorting'!BA9 | BB9: =SUM(AD9:BA9)
A10: AMD-AIR-NEW-SSC | B10: Forward Regular OSC | C10: 46104 | D10: 0 | E10: 0 | F10: 0 | G10: 0 | H10: 0 | I10: 0 | J10: 0 | K10: 0 | L10: 0 | M10: 0 | N10: 0 | O10: 0 | P10: 0 | Q10: 0 | R10: 212 | S10: 0 | T10: 0 | U10: 0 | V10: 0 | W10: 0 | X10: 0 | Y10: 0 | Z10: 0 | AA10: 0 | AB10: =SUM(D10:AA10) | AD10: ='BBB'!AD10+'Bag Staging'!AD10+'Bag Staging Volumetric'!AD10+'FWD FSM'!AD10+'FWD Manual Pre Primary'!AD10+'FWD Manual Primary'!AD10+'FWD Primary with Scan'!AD10+'FWD Secondary'!AD10+'FWD Volumetric'!AD10+'IB'!AD10+'IB Volumetric'!AD10+'OB'!AD10+'OB Volumetric'!AD10+'OSC Bag Sorting'!AD10+'OSC Bag Sorting Volumetric'!AD10+'REV FSM'!AD10+'Rejection Primary with Scan'!AD10+'Rejection Secondary'!AD10+'Rev DC DC Primary Sorting'!AD10+'Rev Primary (FSM Rejections)'!AD10+'Rev Secondary Sorting'!AD10+'VIA Bag Sorting'!AD10 | AE10: ='BBB'!AE10+'Bag Staging'!AE10+'Bag Staging Volumetric'!AE10+'FWD FSM'!AE10+'FWD Manual Pre Primary'!AE10+'FWD Manual Primary'!AE10+'FWD Primary with Scan'!AE10+'FWD Secondary'!AE10+'FWD Volumetric'!AE10+'IB'!AE10+'IB Volumetric'!AE10+'OB'!AE10+'OB Volumetric'!AE10+'OSC Bag Sorting'!AE10+'OSC Bag Sorting Volumetric'!AE10+'REV FSM'!AE10+'Rejection Primary with Scan'!AE10+'Rejection Secondary'!AE10+'Rev DC DC Primary Sorting'!AE10+'Rev Primary (FSM Rejections)'!AE10+'Rev Secondary Sorting'!AE10+'VIA Bag Sorting'!AE10 | AF10: ='BBB'!AF10+'Bag Staging'!AF10+'Bag Staging Volumetric'!AF10+'FWD FSM'!AF10+'FWD Manual Pre Primary'!AF10+'FWD Manual Primary'!AF10+'FWD Primary with Scan'!AF10+'FWD Secondary'!AF10+'FWD Volumetric'!AF10+'IB'!AF10+'IB Volumetric'!AF10+'OB'!AF10+'OB Volumetric'!AF10+'OSC Bag Sorting'!AF10+'OSC Bag Sorting Volumetric'!AF10+'REV FSM'!AF10+'Rejection Primary with Scan'!AF10+'Rejection Secondary'!AF10+'Rev DC DC Primary Sorting'!AF10+'Rev Primary (FSM Rejections)'!AF10+'Rev Secondary Sorting'!AF10+'VIA Bag Sorting'!AF10 | AG10: ='BBB'!AG10+'Bag Staging'!AG10+'Bag Staging Volumetric'!AG10+'FWD FSM'!AG10+'FWD Manual Pre Primary'!AG10+'FWD Manual Primary'!AG10+'FWD Primary with Scan'!AG10+'FWD Secondary'!AG10+'FWD Volumetric'!AG10+'IB'!AG10+'IB Volumetric'!AG10+'OB'!AG10+'OB Volumetric'!AG10+'OSC Bag Sorting'!AG10+'OSC Bag Sorting Volumetric'!AG10+'REV FSM'!AG10+'Rejection Primary with Scan'!AG10+'Rejection Secondary'!AG10+'Rev DC DC Primary Sorting'!AG10+'Rev Primary (FSM Rejections)'!AG10+'Rev Secondary Sorting'!AG10+'VIA Bag Sorting'!AG10 | AH10: ='BBB'!AH10+'Bag Staging'!AH10+'Bag Staging Volumetric'!AH10+'FWD FSM'!AH10+'FWD Manual Pre Primary'!AH10+'FWD Manual Primary'!AH10+'FWD Primary with Scan'!AH10+'FWD Secondary'!AH10+'FWD Volumetric'!AH10+'IB'!AH10+'IB Volumetric'!AH10+'OB'!AH10+'OB Volumetric'!AH10+'OSC Bag Sorting'!AH10+'OSC Bag Sorting Volumetric'!AH10+'REV FSM'!AH10+'Rejection Primary with Scan'!AH10+'Rejection Secondary'!AH10+'Rev DC DC Primary Sorting'!AH10+'Rev Primary (FSM Rejections)'!AH10+'Rev Secondary Sorting'!AH10+'VIA Bag Sorting'!AH10 | AI10: ='BBB'!AI10+'Bag Staging'!AI10+'Bag Staging Volumetric'!AI10+'FWD FSM'!AI10+'FWD Manual Pre Primary'!AI10+'FWD Manual Primary'!AI10+'FWD Primary with Scan'!AI10+'FWD Secondary'!AI10+'FWD Volumetric'!AI10+'IB'!AI10+'IB Volumetric'!AI10+'OB'!AI10+'OB Volumetric'!AI10+'OSC Bag Sorting'!AI10+'OSC Bag Sorting Volumetric'!AI10+'REV FSM'!AI10+'Rejection Primary with Scan'!AI10+'Rejection Secondary'!AI10+'Rev DC DC Primary Sorting'!AI10+'Rev Primary (FSM Rejections)'!AI10+'Rev Secondary Sorting'!AI10+'VIA Bag Sorting'!AI10 | AJ10: ='BBB'!AJ10+'Bag Staging'!AJ10+'Bag Staging Volumetric'!AJ10+'FWD FSM'!AJ10+'FWD Manual Pre Primary'!AJ10+'FWD Manual Primary'!AJ10+'FWD Primary with Scan'!AJ10+'FWD Secondary'!AJ10+'FWD Volumetric'!AJ10+'IB'!AJ10+'IB Volumetric'!AJ10+'OB'!AJ10+'OB Volumetric'!AJ10+'OSC Bag Sorting'!AJ10+'OSC Bag Sorting Volumetric'!AJ10+'REV FSM'!AJ10+'Rejection Primary with Scan'!AJ10+'Rejection Secondary'!AJ10+'Rev DC DC Primary Sorting'!AJ10+'Rev Primary (FSM Rejections)'!AJ10+'Rev Secondary Sorting'!AJ10+'VIA Bag Sorting'!AJ10 | AK10: ='BBB'!AK10+'Bag Staging'!AK10+'Bag Staging Volumetric'!AK10+'FWD FSM'!AK10+'FWD Manual Pre Primary'!AK10+'FWD Manual Primary'!AK10+'FWD Primary with Scan'!AK10+'FWD Secondary'!AK10+'FWD Volumetric'!AK10+'IB'!AK10+'IB Volumetric'!AK10+'OB'!AK10+'OB Volumetric'!AK10+'OSC Bag Sorting'!AK10+'OSC Bag Sorting Volumetric'!AK10+'REV FSM'!AK10+'Rejection Primary with Scan'!AK10+'Rejection Secondary'!AK10+'Rev DC DC Primary Sorting'!AK10+'Rev Primary (FSM Rejections)'!AK10+'Rev Secondary Sorting'!AK10+'VIA Bag Sorting'!AK10 | ... BA10: ='BBB'!BA10+'Bag Staging'!BA10+'Bag Staging Volumetric'!BA10+'FWD FSM'!BA10+'FWD Manual Pre Primary'!BA10+'FWD Manual Primary'!BA10+'FWD Primary with Scan'!BA10+'FWD Secondary'!BA10+'FWD Volumetric'!BA10+'IB'!BA10+'IB Volumetric'!BA10+'OB'!BA10+'OB Volumetric'!BA10+'OSC Bag Sorting'!BA10+'OSC Bag Sorting Volumetric'!BA10+'REV FSM'!BA10+'Rejection Primary with Scan'!BA10+'Rejection Secondary'!BA10+'Rev DC DC Primary Sorting'!BA10+'Rev Primary (FSM Rejections)'!BA10+'Rev Secondary Sorting'!BA10+'VIA Bag Sorting'!BA10 | BB10: =SUM(AD10:BA10)
A11: AMD-EXPR | B11: DSC Manual | C11: 46089 | D11: 0 | E11: 0 | F11: 0 | G11: 49 | H11: 364 | I11: 155 | J11: 99 | K11: 79 | L11: 0 | M11: 0 | N11: 0 | O11: 0 | P11: 0 | Q11: 0 | R11: 0 | S11: 477 | T11: 0 | U11: 282 | V11: 380 | W11: 395 | X11: 636 | Y11: 663 | Z11: 0 | AA11: 0 | AB11: =SUM(D11:AA11) | AD11: ='BBB'!AD11+'Bag Staging'!AD11+'Bag Staging Volumetric'!AD11+'FWD FSM'!AD11+'FWD Manual Pre Primary'!AD11+'FWD Manual Primary'!AD11+'FWD Primary with Scan'!AD11+'FWD Secondary'!AD11+'FWD Volumetric'!AD11+'IB'!AD11+'IB Volumetric'!AD11+'OB'!AD11+'OB Volumetric'!AD11+'OSC Bag Sorting'!AD11+'OSC Bag Sorting Volumetric'!AD11+'REV FSM'!AD11+'Rejection Primary with Scan'!AD11+'Rejection Secondary'!AD11+'Rev DC DC Primary Sorting'!AD11+'Rev Primary (FSM Rejections)'!AD11+'Rev Secondary Sorting'!AD11+'VIA Bag Sorting'!AD11 | AE11: ='BBB'!AE11+'Bag Staging'!AE11+'Bag Staging Volumetric'!AE11+'FWD FSM'!AE11+'FWD Manual Pre Primary'!AE11+'FWD Manual Primary'!AE11+'FWD Primary with Scan'!AE11+'FWD Secondary'!AE11+'FWD Volumetric'!AE11+'IB'!AE11+'IB Volumetric'!AE11+'OB'!AE11+'OB Volumetric'!AE11+'OSC Bag Sorting'!AE11+'OSC Bag Sorting Volumetric'!AE11+'REV FSM'!AE11+'Rejection Primary with Scan'!AE11+'Rejection Secondary'!AE11+'Rev DC DC Primary Sorting'!AE11+'Rev Primary (FSM Rejections)'!AE11+'Rev Secondary Sorting'!AE11+'VIA Bag Sorting'!AE11 | AF11: ='BBB'!AF11+'Bag Staging'!AF11+'Bag Staging Volumetric'!AF11+'FWD FSM'!AF11+'FWD Manual Pre Primary'!AF11+'FWD Manual Primary'!AF11+'FWD Primary with Scan'!AF11+'FWD Secondary'!AF11+'FWD Volumetric'!AF11+'IB'!AF11+'IB Volumetric'!AF11+'OB'!AF11+'OB Volumetric'!AF11+'OSC Bag Sorting'!AF11+'OSC Bag Sorting Volumetric'!AF11+'REV FSM'!AF11+'Rejection Primary with Scan'!AF11+'Rejection Secondary'!AF11+'Rev DC DC Primary Sorting'!AF11+'Rev Primary (FSM Rejections)'!AF11+'Rev Secondary Sorting'!AF11+'VIA Bag Sorting'!AF11 | AG11: ='BBB'!AG11+'Bag Staging'!AG11+'Bag Staging Volumetric'!AG11+'FWD FSM'!AG11+'FWD Manual Pre Primary'!AG11+'FWD Manual Primary'!AG11+'FWD Primary with Scan'!AG11+'FWD Secondary'!AG11+'FWD Volumetric'!AG11+'IB'!AG11+'IB Volumetric'!AG11+'OB'!AG11+'OB Volumetric'!AG11+'OSC Bag Sorting'!AG11+'OSC Bag Sorting Volumetric'!AG11+'REV FSM'!AG11+'Rejection Primary with Scan'!AG11+'Rejection Secondary'!AG11+'Rev DC DC Primary Sorting'!AG11+'Rev Primary (FSM Rejections)'!AG11+'Rev Secondary Sorting'!AG11+'VIA Bag Sorting'!AG11 | AH11: ='BBB'!AH11+'Bag Staging'!AH11+'Bag Staging Volumetric'!AH11+'FWD FSM'!AH11+'FWD Manual Pre Primary'!AH11+'FWD Manual Primary'!AH11+'FWD Primary with Scan'!AH11+'FWD Secondary'!AH11+'FWD Volumetric'!AH11+'IB'!AH11+'IB Volumetric'!AH11+'OB'!AH11+'OB Volumetric'!AH11+'OSC Bag Sorting'!AH11+'OSC Bag Sorting Volumetric'!AH11+'REV FSM'!AH11+'Rejection Primary with Scan'!AH11+'Rejection Secondary'!AH11+'Rev DC DC Primary Sorting'!AH11+'Rev Primary (FSM Rejections)'!AH11+'Rev Secondary Sorting'!AH11+'VIA Bag Sorting'!AH11 | AI11: ='BBB'!AI11+'Bag Staging'!AI11+'Bag Staging Volumetric'!AI11+'FWD FSM'!AI11+'FWD Manual Pre Primary'!AI11+'FWD Manual Primary'!AI11+'FWD Primary with Scan'!AI11+'FWD Secondary'!AI11+'FWD Volumetric'!AI11+'IB'!AI11+'IB Volumetric'!AI11+'OB'!AI11+'OB Volumetric'!AI11+'OSC Bag Sorting'!AI11+'OSC Bag Sorting Volumetric'!AI11+'REV FSM'!AI11+'Rejection Primary with Scan'!AI11+'Rejection Secondary'!AI11+'Rev DC DC Primary Sorting'!AI11+'Rev Primary (FSM Rejections)'!AI11+'Rev Secondary Sorting'!AI11+'VIA Bag Sorting'!AI11 | AJ11: ='BBB'!AJ11+'Bag Staging'!AJ11+'Bag Staging Volumetric'!AJ11+'FWD FSM'!AJ11+'FWD Manual Pre Primary'!AJ11+'FWD Manual Primary'!AJ11+'FWD Primary with Scan'!AJ11+'FWD Secondary'!AJ11+'FWD Volumetric'!AJ11+'IB'!AJ11+'IB Volumetric'!AJ11+'OB'!AJ11+'OB Volumetric'!AJ11+'OSC Bag Sorting'!AJ11+'OSC Bag Sorting Volumetric'!AJ11+'REV FSM'!AJ11+'Rejection Primary with Scan'!AJ11+'Rejection Secondary'!AJ11+'Rev DC DC Primary Sorting'!AJ11+'Rev Primary (FSM Rejections)'!AJ11+'Rev Secondary Sorting'!AJ11+'VIA Bag Sorting'!AJ11 | AK11: ='BBB'!AK11+'Bag Staging'!AK11+'Bag Staging Volumetric'!AK11+'FWD FSM'!AK11+'FWD Manual Pre Primary'!AK11+'FWD Manual Primary'!AK11+'FWD Primary with Scan'!AK11+'FWD Secondary'!AK11+'FWD Volumetric'!AK11+'IB'!AK11+'IB Volumetric'!AK11+'OB'!AK11+'OB Volumetric'!AK11+'OSC Bag Sorting'!AK11+'OSC Bag Sorting Volumetric'!AK11+'REV FSM'!AK11+'Rejection Primary with Scan'!AK11+'Rejection Secondary'!AK11+'Rev DC DC Primary Sorting'!AK11+'Rev Primary (FSM Rejections)'!AK11+'Rev Secondary Sorting'!AK11+'VIA Bag Sorting'!AK11 | ... BA11: ='BBB'!BA11+'Bag Staging'!BA11+'Bag Staging Volumetric'!BA11+'FWD FSM'!BA11+'FWD Manual Pre Primary'!BA11+'FWD Manual Primary'!BA11+'FWD Primary with Scan'!BA11+'FWD Secondary'!BA11+'FWD Volumetric'!BA11+'IB'!BA11+'IB Volumetric'!BA11+'OB'!BA11+'OB Volumetric'!BA11+'OSC Bag Sorting'!BA11+'OSC Bag Sorting Volumetric'!BA11+'REV FSM'!BA11+'Rejection Primary with Scan'!BA11+'Rejection Secondary'!BA11+'Rev DC DC Primary Sorting'!BA11+'Rev Primary (FSM Rejections)'!BA11+'Rev Secondary Sorting'!BA11+'VIA Bag Sorting'!BA11 | BB11: =SUM(AD11:BA11)
A12: AMD-EXPR | B12: DSC Manual | C12: 46090 | D12: 0 | E12: 0 | F12: 0 | G12: 0 | H12: 0 | I12: 215 | J12: 315 | K12: 0 | L12: 0 | M12: 0 | N12: 0 | O12: 0 | P12: 0 | Q12: 0 | R12: 0 | S12: 0 | T12: 467 | U12: 0 | V12: 352 | W12: 328 | X12: 456 | Y12: 467 | Z12: 472 | AA12: 0 | AB12: =SUM(D12:AA12) | AD12: ='BBB'!AD12+'Bag Staging'!AD12+'Bag Staging Volumetric'!AD12+'FWD FSM'!AD12+'FWD Manual Pre Primary'!AD12+'FWD Manual Primary'!AD12+'FWD Primary with Scan'!AD12+'FWD Secondary'!AD12+'FWD Volumetric'!AD12+'IB'!AD12+'IB Volumetric'!AD12+'OB'!AD12+'OB Volumetric'!AD12+'OSC Bag Sorting'!AD12+'OSC Bag Sorting Volumetric'!AD12+'REV FSM'!AD12+'Rejection Primary with Scan'!AD12+'Rejection Secondary'!AD12+'Rev DC DC Primary Sorting'!AD12+'Rev Primary (FSM Rejections)'!AD12+'Rev Secondary Sorting'!AD12+'VIA Bag Sorting'!AD12 | AE12: ='BBB'!AE12+'Bag Staging'!AE12+'Bag Staging Volumetric'!AE12+'FWD FSM'!AE12+'FWD Manual Pre Primary'!AE12+'FWD Manual Primary'!AE12+'FWD Primary with Scan'!AE12+'FWD Secondary'!AE12+'FWD Volumetric'!AE12+'IB'!AE12+'IB Volumetric'!AE12+'OB'!AE12+'OB Volumetric'!AE12+'OSC Bag Sorting'!AE12+'OSC Bag Sorting Volumetric'!AE12+'REV FSM'!AE12+'Rejection Primary with Scan'!AE12+'Rejection Secondary'!AE12+'Rev DC DC Primary Sorting'!AE12+'Rev Primary (FSM Rejections)'!AE12+'Rev Secondary Sorting'!AE12+'VIA Bag Sorting'!AE12 | AF12: ='BBB'!AF12+'Bag Staging'!AF12+'Bag Staging Volumetric'!AF12+'FWD FSM'!AF12+'FWD Manual Pre Primary'!AF12+'FWD Manual Primary'!AF12+'FWD Primary with Scan'!AF12+'FWD Secondary'!AF12+'FWD Volumetric'!AF12+'IB'!AF12+'IB Volumetric'!AF12+'OB'!AF12+'OB Volumetric'!AF12+'OSC Bag Sorting'!AF12+'OSC Bag Sorting Volumetric'!AF12+'REV FSM'!AF12+'Rejection Primary with Scan'!AF12+'Rejection Secondary'!AF12+'Rev DC DC Primary Sorting'!AF12+'Rev Primary (FSM Rejections)'!AF12+'Rev Secondary Sorting'!AF12+'VIA Bag Sorting'!AF12 | AG12: ='BBB'!AG12+'Bag Staging'!AG12+'Bag Staging Volumetric'!AG12+'FWD FSM'!AG12+'FWD Manual Pre Primary'!AG12+'FWD Manual Primary'!AG12+'FWD Primary with Scan'!AG12+'FWD Secondary'!AG12+'FWD Volumetric'!AG12+'IB'!AG12+'IB Volumetric'!AG12+'OB'!AG12+'OB Volumetric'!AG12+'OSC Bag Sorting'!AG12+'OSC Bag Sorting Volumetric'!AG12+'REV FSM'!AG12+'Rejection Primary with Scan'!AG12+'Rejection Secondary'!AG12+'Rev DC DC Primary Sorting'!AG12+'Rev Primary (FSM Rejections)'!AG12+'Rev Secondary Sorting'!AG12+'VIA Bag Sorting'!AG12 | AH12: ='BBB'!AH12+'Bag Staging'!AH12+'Bag Staging Volumetric'!AH12+'FWD FSM'!AH12+'FWD Manual Pre Primary'!AH12+'FWD Manual Primary'!AH12+'FWD Primary with Scan'!AH12+'FWD Secondary'!AH12+'FWD Volumetric'!AH12+'IB'!AH12+'IB Volumetric'!AH12+'OB'!AH12+'OB Volumetric'!AH12+'OSC Bag Sorting'!AH12+'OSC Bag Sorting Volumetric'!AH12+'REV FSM'!AH12+'Rejection Primary with Scan'!AH12+'Rejection Secondary'!AH12+'Rev DC DC Primary Sorting'!AH12+'Rev Primary (FSM Rejections)'!AH12+'Rev Secondary Sorting'!AH12+'VIA Bag Sorting'!AH12 | AI12: ='BBB'!AI12+'Bag Staging'!AI12+'Bag Staging Volumetric'!AI12+'FWD FSM'!AI12+'FWD Manual Pre Primary'!AI12+'FWD Manual Primary'!AI12+'FWD Primary with Scan'!AI12+'FWD Secondary'!AI12+'FWD Volumetric'!AI12+'IB'!AI12+'IB Volumetric'!AI12+'OB'!AI12+'OB Volumetric'!AI12+'OSC Bag Sorting'!AI12+'OSC Bag Sorting Volumetric'!AI12+'REV FSM'!AI12+'Rejection Primary with Scan'!AI12+'Rejection Secondary'!AI12+'Rev DC DC Primary Sorting'!AI12+'Rev Primary (FSM Rejections)'!AI12+'Rev Secondary Sorting'!AI12+'VIA Bag Sorting'!AI12 | AJ12: ='BBB'!AJ12+'Bag Staging'!AJ12+'Bag Staging Volumetric'!AJ12+'FWD FSM'!AJ12+'FWD Manual Pre Primary'!AJ12+'FWD Manual Primary'!AJ12+'FWD Primary with Scan'!AJ12+'FWD Secondary'!AJ12+'FWD Volumetric'!AJ12+'IB'!AJ12+'IB Volumetric'!AJ12+'OB'!AJ12+'OB Volumetric'!AJ12+'OSC Bag Sorting'!AJ12+'OSC Bag Sorting Volumetric'!AJ12+'REV FSM'!AJ12+'Rejection Primary with Scan'!AJ12+'Rejection Secondary'!AJ12+'Rev DC DC Primary Sorting'!AJ12+'Rev Primary (FSM Rejections)'!AJ12+'Rev Secondary Sorting'!AJ12+'VIA Bag Sorting'!AJ12 | AK12: ='BBB'!AK12+'Bag Staging'!AK12+'Bag Staging Volumetric'!AK12+'FWD FSM'!AK12+'FWD Manual Pre Primary'!AK12+'FWD Manual Primary'!AK12+'FWD Primary with Scan'!AK12+'FWD Secondary'!AK12+'FWD Volumetric'!AK12+'IB'!AK12+'IB Volumetric'!AK12+'OB'!AK12+'OB Volumetric'!AK12+'OSC Bag Sorting'!AK12+'OSC Bag Sorting Volumetric'!AK12+'REV FSM'!AK12+'Rejection Primary with Scan'!AK12+'Rejection Secondary'!AK12+'Rev DC DC Primary Sorting'!AK12+'Rev Primary (FSM Rejections)'!AK12+'Rev Secondary Sorting'!AK12+'VIA Bag Sorting'!AK12 | ... BA12: ='BBB'!BA12+'Bag Staging'!BA12+'Bag Staging Volumetric'!BA12+'FWD FSM'!BA12+'FWD Manual Pre Primary'!BA12+'FWD Manual Primary'!BA12+'FWD Primary with Scan'!BA12+'FWD Secondary'!BA12+'FWD Volumetric'!BA12+'IB'!BA12+'IB Volumetric'!BA12+'OB'!BA12+'OB Volumetric'!BA12+'OSC Bag Sorting'!BA12+'OSC Bag Sorting Volumetric'!BA12+'REV FSM'!BA12+'Rejection Primary with Scan'!BA12+'Rejection Secondary'!BA12+'Rev DC DC Primary Sorting'!BA12+'Rev Primary (FSM Rejections)'!BA12+'Rev Secondary Sorting'!BA12+'VIA Bag Sorting'!BA12 | BB12: =SUM(AD12:BA12)
A13: AMD-EXPR | B13: DSC Manual | C13: 46091 | D13: 0 | E13: 0 | F13: 0 | G13: 0 | H13: 0 | I13: 0 | J13: 306 | K13: 0 | L13: 0 | M13: 0 | N13: 0 | O13: 0 | P13: 0 | Q13: 0 | R13: 0 | S13: 769 | T13: 267 | U13: 0 | V13: 315 | W13: 600 | X13: 299 | Y13: 987 | Z13: 270 | AA13: 0 | AB13: =SUM(D13:AA13) | AD13: ='BBB'!AD13+'Bag Staging'!AD13+'Bag Staging Volumetric'!AD13+'FWD FSM'!AD13+'FWD Manual Pre Primary'!AD13+'FWD Manual Primary'!AD13+'FWD Primary with Scan'!AD13+'FWD Secondary'!AD13+'FWD Volumetric'!AD13+'IB'!AD13+'IB Volumetric'!AD13+'OB'!AD13+'OB Volumetric'!AD13+'OSC Bag Sorting'!AD13+'OSC Bag Sorting Volumetric'!AD13+'REV FSM'!AD13+'Rejection Primary with Scan'!AD13+'Rejection Secondary'!AD13+'Rev DC DC Primary Sorting'!AD13+'Rev Primary (FSM Rejections)'!AD13+'Rev Secondary Sorting'!AD13+'VIA Bag Sorting'!AD13 | AE13: ='BBB'!AE13+'Bag Staging'!AE13+'Bag Staging Volumetric'!AE13+'FWD FSM'!AE13+'FWD Manual Pre Primary'!AE13+'FWD Manual Primary'!AE13+'FWD Primary with Scan'!AE13+'FWD Secondary'!AE13+'FWD Volumetric'!AE13+'IB'!AE13+'IB Volumetric'!AE13+'OB'!AE13+'OB Volumetric'!AE13+'OSC Bag Sorting'!AE13+'OSC Bag Sorting Volumetric'!AE13+'REV FSM'!AE13+'Rejection Primary with Scan'!AE13+'Rejection Secondary'!AE13+'Rev DC DC Primary Sorting'!AE13+'Rev Primary (FSM Rejections)'!AE13+'Rev Secondary Sorting'!AE13+'VIA Bag Sorting'!AE13 | AF13: ='BBB'!AF13+'Bag Staging'!AF13+'Bag Staging Volumetric'!AF13+'FWD FSM'!AF13+'FWD Manual Pre Primary'!AF13+'FWD Manual Primary'!AF13+'FWD Primary with Scan'!AF13+'FWD Secondary'!AF13+'FWD Volumetric'!AF13+'IB'!AF13+'IB Volumetric'!AF13+'OB'!AF13+'OB Volumetric'!AF13+'OSC Bag Sorting'!AF13+'OSC Bag Sorting Volumetric'!AF13+'REV FSM'!AF13+'Rejection Primary with Scan'!AF13+'Rejection Secondary'!AF13+'Rev DC DC Primary Sorting'!AF13+'Rev Primary (FSM Rejections)'!AF13+'Rev Secondary Sorting'!AF13+'VIA Bag Sorting'!AF13 | AG13: ='BBB'!AG13+'Bag Staging'!AG13+'Bag Staging Volumetric'!AG13+'FWD FSM'!AG13+'FWD Manual Pre Primary'!AG13+'FWD Manual Primary'!AG13+'FWD Primary with Scan'!AG13+'FWD Secondary'!AG13+'FWD Volumetric'!AG13+'IB'!AG13+'IB Volumetric'!AG13+'OB'!AG13+'OB Volumetric'!AG13+'OSC Bag Sorting'!AG13+'OSC Bag Sorting Volumetric'!AG13+'REV FSM'!AG13+'Rejection Primary with Scan'!AG13+'Rejection Secondary'!AG13+'Rev DC DC Primary Sorting'!AG13+'Rev Primary (FSM Rejections)'!AG13+'Rev Secondary Sorting'!AG13+'VIA Bag Sorting'!AG13 | AH13: ='BBB'!AH13+'Bag Staging'!AH13+'Bag Staging Volumetric'!AH13+'FWD FSM'!AH13+'FWD Manual Pre Primary'!AH13+'FWD Manual Primary'!AH13+'FWD Primary with Scan'!AH13+'FWD Secondary'!AH13+'FWD Volumetric'!AH13+'IB'!AH13+'IB Volumetric'!AH13+'OB'!AH13+'OB Volumetric'!AH13+'OSC Bag Sorting'!AH13+'OSC Bag Sorting Volumetric'!AH13+'REV FSM'!AH13+'Rejection Primary with Scan'!AH13+'Rejection Secondary'!AH13+'Rev DC DC Primary Sorting'!AH13+'Rev Primary (FSM Rejections)'!AH13+'Rev Secondary Sorting'!AH13+'VIA Bag Sorting'!AH13 | AI13: ='BBB'!AI13+'Bag Staging'!AI13+'Bag Staging Volumetric'!AI13+'FWD FSM'!AI13+'FWD Manual Pre Primary'!AI13+'FWD Manual Primary'!AI13+'FWD Primary with Scan'!AI13+'FWD Secondary'!AI13+'FWD Volumetric'!AI13+'IB'!AI13+'IB Volumetric'!AI13+'OB'!AI13+'OB Volumetric'!AI13+'OSC Bag Sorting'!AI13+'OSC Bag Sorting Volumetric'!AI13+'REV FSM'!AI13+'Rejection Primary with Scan'!AI13+'Rejection Secondary'!AI13+'Rev DC DC Primary Sorting'!AI13+'Rev Primary (FSM Rejections)'!AI13+'Rev Secondary Sorting'!AI13+'VIA Bag Sorting'!AI13 | AJ13: ='BBB'!AJ13+'Bag Staging'!AJ13+'Bag Staging Volumetric'!AJ13+'FWD FSM'!AJ13+'FWD Manual Pre Primary'!AJ13+'FWD Manual Primary'!AJ13+'FWD Primary with Scan'!AJ13+'FWD Secondary'!AJ13+'FWD Volumetric'!AJ13+'IB'!AJ13+'IB Volumetric'!AJ13+'OB'!AJ13+'OB Volumetric'!AJ13+'OSC Bag Sorting'!AJ13+'OSC Bag Sorting Volumetric'!AJ13+'REV FSM'!AJ13+'Rejection Primary with Scan'!AJ13+'Rejection Secondary'!AJ13+'Rev DC DC Primary Sorting'!AJ13+'Rev Primary (FSM Rejections)'!AJ13+'Rev Secondary Sorting'!AJ13+'VIA Bag Sorting'!AJ13 | AK13: ='BBB'!AK13+'Bag Staging'!AK13+'Bag Staging Volumetric'!AK13+'FWD FSM'!AK13+'FWD Manual Pre Primary'!AK13+'FWD Manual Primary'!AK13+'FWD Primary with Scan'!AK13+'FWD Secondary'!AK13+'FWD Volumetric'!AK13+'IB'!AK13+'IB Volumetric'!AK13+'OB'!AK13+'OB Volumetric'!AK13+'OSC Bag Sorting'!AK13+'OSC Bag Sorting Volumetric'!AK13+'REV FSM'!AK13+'Rejection Primary with Scan'!AK13+'Rejection Secondary'!AK13+'Rev DC DC Primary Sorting'!AK13+'Rev Primary (FSM Rejections)'!AK13+'Rev Secondary Sorting'!AK13+'VIA Bag Sorting'!AK13 | ... BA13: ='BBB'!BA13+'Bag Staging'!BA13+'Bag Staging Volumetric'!BA13+'FWD FSM'!BA13+'FWD Manual Pre Primary'!BA13+'FWD Manual Primary'!BA13+'FWD Primary with Scan'!BA13+'FWD Secondary'!BA13+'FWD Volumetric'!BA13+'IB'!BA13+'IB Volumetric'!BA13+'OB'!BA13+'OB Volumetric'!BA13+'OSC Bag Sorting'!BA13+'OSC Bag Sorting Volumetric'!BA13+'REV FSM'!BA13+'Rejection Primary with Scan'!BA13+'Rejection Secondary'!BA13+'Rev DC DC Primary Sorting'!BA13+'Rev Primary (FSM Rejections)'!BA13+'Rev Secondary Sorting'!BA13+'VIA Bag Sorting'!BA13 | BB13: =SUM(AD13:BA13)
... A119: DC-10-1 | B119: DSC Manual | C119: 46097 | D119: 153 | E119: 93 | F119: 251 | G119: 672 | H119: 467 | I119: 450 | J119: 49 | K119: 0 | L119: 0 | M119: 0 | N119: 0 | O119: 0 | P119: 0 | Q119: 0 | R119: 4515 | S119: 3528 | T119: 963 | U119: 2896 | V119: 3389 | W119: 4059 | X119: 4450 | Y119: 2964 | Z119: 0 | AA119: 0 | AB119: =SUM(D119:AA119) | AD119: ='BBB'!AD119+'Bag Staging'!AD119+'Bag Staging Volumetric'!AD119+'FWD FSM'!AD119+'FWD Manual Pre Primary'!AD119+'FWD Manual Primary'!AD119+'FWD Primary with Scan'!AD119+'FWD Secondary'!AD119+'FWD Volumetric'!AD119+'IB'!AD119+'IB Volumetric'!AD119+'OB'!AD119+'OB Volumetric'!AD119+'OSC Bag Sorting'!AD119+'OSC Bag Sorting Volumetric'!AD119+'REV FSM'!AD119+'Rejection Primary with Scan'!AD119+'Rejection Secondary'!AD119+'Rev DC DC Primary Sorting'!AD119+'Rev Primary (FSM Rejections)'!AD119+'Rev Secondary Sorting'!AD119+'VIA Bag Sorting'!AD119 | AE119: ='BBB'!AE119+'Bag Staging'!AE119+'Bag Staging Volumetric'!AE119+'FWD FSM'!AE119+'FWD Manual Pre Primary'!AE119+'FWD Manual Primary'!AE119+'FWD Primary with Scan'!AE119+'FWD Secondary'!AE119+'FWD Volumetric'!AE119+'IB'!AE119+'IB Volumetric'!AE119+'OB'!AE119+'OB Volumetric'!AE119+'OSC Bag Sorting'!AE119+'OSC Bag Sorting Volumetric'!AE119+'REV FSM'!AE119+'Rejection Primary with Scan'!AE119+'Rejection Secondary'!AE119+'Rev DC DC Primary Sorting'!AE119+'Rev Primary (FSM Rejections)'!AE119+'Rev Secondary Sorting'!AE119+'VIA Bag Sorting'!AE119 | AF119: ='BBB'!AF119+'Bag Staging'!AF119+'Bag Staging Volumetric'!AF119+'FWD FSM'!AF119+'FWD Manual Pre Primary'!AF119+'FWD Manual Primary'!AF119+'FWD Primary with Scan'!AF119+'FWD Secondary'!AF119+'FWD Volumetric'!AF119+'IB'!AF119+'IB Volumetric'!AF119+'OB'!AF119+'OB Volumetric'!AF119+'OSC Bag Sorting'!AF119+'OSC Bag Sorting Volumetric'!AF119+'REV FSM'!AF119+'Rejection Primary with Scan'!AF119+'Rejection Secondary'!AF119+'Rev DC DC Primary Sorting'!AF119+'Rev Primary (FSM Rejections)'!AF119+'Rev Secondary Sorting'!AF119+'VIA Bag Sorting'!AF119 | AG119: ='BBB'!AG119+'Bag Staging'!AG119+'Bag Staging Volumetric'!AG119+'FWD FSM'!AG119+'FWD Manual Pre Primary'!AG119+'FWD Manual Primary'!AG119+'FWD Primary with Scan'!AG119+'FWD Secondary'!AG119+'FWD Volumetric'!AG119+'IB'!AG119+'IB Volumetric'!AG119+'OB'!AG119+'OB Volumetric'!AG119+'OSC Bag Sorting'!AG119+'OSC Bag Sorting Volumetric'!AG119+'REV FSM'!AG119+'Rejection Primary with Scan'!AG119+'Rejection Secondary'!AG119+'Rev DC DC Primary Sorting'!AG119+'Rev Primary (FSM Rejections)'!AG119+'Rev Secondary Sorting'!AG119+'VIA Bag Sorting'!AG119 | AH119: ='BBB'!AH119+'Bag Staging'!AH119+'Bag Staging Volumetric'!AH119+'FWD FSM'!AH119+'FWD Manual Pre Primary'!AH119+'FWD Manual Primary'!AH119+'FWD Primary with Scan'!AH119+'FWD Secondary'!AH119+'FWD Volumetric'!AH119+'IB'!AH119+'IB Volumetric'!AH119+'OB'!AH119+'OB Volumetric'!AH119+'OSC Bag Sorting'!AH119+'OSC Bag Sorting Volumetric'!AH119+'REV FSM'!AH119+'Rejection Primary with Scan'!AH119+'Rejection Secondary'!AH119+'Rev DC DC Primary Sorting'!AH119+'Rev Primary (FSM Rejections)'!AH119+'Rev Secondary Sorting'!AH119+'VIA Bag Sorting'!AH119 | AI119: ='BBB'!AI119+'Bag Staging'!AI119+'Bag Staging Volumetric'!AI119+'FWD FSM'!AI119+'FWD Manual Pre Primary'!AI119+'FWD Manual Primary'!AI119+'FWD Primary with Scan'!AI119+'FWD Secondary'!AI119+'FWD Volumetric'!AI119+'IB'!AI119+'IB Volumetric'!AI119+'OB'!AI119+'OB Volumetric'!AI119+'OSC Bag Sorting'!AI119+'OSC Bag Sorting Volumetric'!AI119+'REV FSM'!AI119+'Rejection Primary with Scan'!AI119+'Rejection Secondary'!AI119+'Rev DC DC Primary Sorting'!AI119+'Rev Primary (FSM Rejections)'!AI119+'Rev Secondary Sorting'!AI119+'VIA Bag Sorting'!AI119 | AJ119: ='BBB'!AJ119+'Bag Staging'!AJ119+'Bag Staging Volumetric'!AJ119+'FWD FSM'!AJ119+'FWD Manual Pre Primary'!AJ119+'FWD Manual Primary'!AJ119+'FWD Primary with Scan'!AJ119+'FWD Secondary'!AJ119+'FWD Volumetric'!AJ119+'IB'!AJ119+'IB Volumetric'!AJ119+'OB'!AJ119+'OB Volumetric'!AJ119+'OSC Bag Sorting'!AJ119+'OSC Bag Sorting Volumetric'!AJ119+'REV FSM'!AJ119+'Rejection Primary with Scan'!AJ119+'Rejection Secondary'!AJ119+'Rev DC DC Primary Sorting'!AJ119+'Rev Primary (FSM Rejections)'!AJ119+'Rev Secondary Sorting'!AJ119+'VIA Bag Sorting'!AJ119 | AK119: ='BBB'!AK119+'Bag Staging'!AK119+'Bag Staging Volumetric'!AK119+'FWD FSM'!AK119+'FWD Manual Pre Primary'!AK119+'FWD Manual Primary'!AK119+'FWD Primary with Scan'!AK119+'FWD Secondary'!AK119+'FWD Volumetric'!AK119+'IB'!AK119+'IB Volumetric'!AK119+'OB'!AK119+'OB Volumetric'!AK119+'OSC Bag Sorting'!AK119+'OSC Bag Sorting Volumetric'!AK119+'REV FSM'!AK119+'Rejection Primary with Scan'!AK119+'Rejection Secondary'!AK119+'Rev DC DC Primary Sorting'!AK119+'Rev Primary (FSM Rejections)'!AK119+'Rev Secondary Sorting'!AK119+'VIA Bag Sorting'!AK119 | ... BA119: ='BBB'!BA119+'Bag Staging'!BA119+'Bag Staging Volumetric'!BA119+'FWD FSM'!BA119+'FWD Manual Pre Primary'!BA119+'FWD Manual Primary'!BA119+'FWD Primary with Scan'!BA119+'FWD Secondary'!BA119+'FWD Volumetric'!BA119+'IB'!BA119+'IB Volumetric'!BA119+'OB'!BA119+'OB Volumetric'!BA119+'OSC Bag Sorting'!BA119+'OSC Bag Sorting Volumetric'!BA119+'REV FSM'!BA119+'Rejection Primary with Scan'!BA119+'Rejection Secondary'!BA119+'Rev DC DC Primary Sorting'!BA119+'Rev Primary (FSM Rejections)'!BA119+'Rev Secondary Sorting'!BA119+'VIA Bag Sorting'!BA119 | BB119: =SUM(AD119:BA119)

Sheet BBB
A1: Layout | B1: Layout Type | C1: Date | D1: Act Vol 12 AM | E1: Act Vol 1 AM | F1: Act Vol 2 AM | G1: Act Vol 3 AM | H1: Act Vol 4 AM | I1: Act Vol 5 AM | J1: Act Vol 6 AM | K1: Act Vol 7 AM | L1: Act Vol 8 AM | M1: Act Vol 9 AM | N1: Act Vol 10 AM | O1: Act Vol 11 AM | P1: Act Vol 12 PM | Q1: Act Vol 1 PM | R1: Act Vol 2 PM | S1: Act Vol 3 PM | T1: Act Vol 4 PM | U1: Act Vol 5 PM | V1: Act Vol 6 PM | W1: Act Vol 7 PM | X1: Act Vol 8 PM | Y1: Act Vol 9 PM | Z1: Act Vol 10 PM | AA1: Act Vol 11 PM | AB1: Act Vol Total | AD1: MH 12 AM | AE1: MH 1 AM | AF1: MH 2 AM | AG1: MH 3 AM | AH1: MH 4 AM | AI1: MH 5 AM | AJ1: MH 6 AM | AK1: MH 7 AM | AL1: MH 8 AM | AM1: MH 9 AM | AN1: MH 10 AM | AO1: MH 11 AM | AP1: MH 12 PM | AQ1: MH 1 PM | AR1: MH 2 PM | AS1: MH 3 PM | AT1: MH 4 PM | AU1: MH 5 PM | AV1: MH 6 PM | AW1: MH 7 PM | AX1: MH 8 PM | AY1: MH 9 PM | AZ1: MH 10 PM | BA1: MH 11 PM | BB1: MH Total
A2: AMD-AIR-NEW-SSC | B2: Forward Regular OSC | C2: 46093 | D2: 0 | E2: 0 | F2: 0 | G2: 0 | H2: 0 | I2: 0 | J2: 0 | K2: 0 | L2: 0 | M2: 0 | N2: 0 | O2: 0 | P2: 0 | Q2: 0 | R2: 0 | S2: 0 | T2: 0 | U2: 0 | V2: 0 | W2: 0 | X2: 0 | Y2: 0 | Z2: 0 | AA2: 0 | AB2: =SUM(D2:AA2) | AD2: 0 | AE2: 0 | AF2: 0 | AG2: 0 | AH2: 0 | AI2: 0 | AJ2: 0 | AK2: 0 | AL2: 0 | AM2: 0 | AN2: 0 | AO2: 0 | AP2: 0 | AQ2: 0 | AR2: 0 | AS2: 0 | AT2: 0 | AU2: 0 | AV2: 0 | AW2: 0 | AX2: 0 | AY2: 0 | AZ2: 0 | BA2: 0 | BB2: =SUM(AD2:BA2)
A3: AMD-AIR-NEW-SSC | B3: Forward Regular OSC | C3: 46094 | D3: 0 | E3: 0 | F3: 0 | G3: 0 | H3: 0 | I3: 0 | J3: 0 | K3: 0 | L3: 0 | M3: 0 | N3: 0 | O3: 0 | P3: 0 | Q3: 0 | R3: 0 | S3: 0 | T3: 0 | U3: 0 | V3: 0 | W3: 0 | X3: 0 | Y3: 0 | Z3: 0 | AA3: 0 | AB3: =SUM(D3:AA3) | AD3: 0 | AE3: 0 | AF3: 0 | AG3: 0 | AH3: 0 | AI3: 0 | AJ3: 0 | AK3: 0 | AL3: 0 | AM3: 0 | AN3: 0 | AO3: 0 | AP3: 0 | AQ3: 0 | AR3: 0 | AS3: 0 | AT3: 0 | AU3: 0 | AV3: 0 | AW3: 0 | AX3: 0 | AY3: 0 | AZ3: 0 | BA3: 0 | BB3: =SUM(AD3:BA3)
A4: AMD-AIR-NEW-SSC | B4: Forward Regular OSC | C4: 46096 | D4: 0 | E4: 0 | F4: 0 | G4: 0 | H4: 0 | I4: 0 | J4: 0 | K4: 0 | L4: 0 | M4: 0 | N4: 0 | O4: 0 | P4: 0 | Q4: 0 | R4: 0 | S4: 0 | T4: 0 | U4: 0 | V4: 0 | W4: 0 | X4: 0 | Y4: 0 | Z4: 0 | AA4: 0 | AB4: =SUM(D4:AA4) | AD4: 0 | AE4: 0 | AF4: 0 | AG4: 0 | AH4: 0 | AI4: 0 | AJ4: 0 | AK4: 0 | AL4: 0 | AM4: 0 | AN4: 0 | AO4: 0 | AP4: 0 | AQ4: 0 | AR4: 0 | AS4: 0 | AT4: 0 | AU4: 0 | AV4: 0 | AW4: 0 | AX4: 0 | AY4: 0 | AZ4: 0 | BA4: 0 | BB4: =SUM(AD4:BA4)
A5: AMD-AIR-NEW-SSC | B5: Forward Regular OSC | C5: 46097 | D5: 0 | E5: 0 | F5: 0 | G5: 0 | H5: 0 | I5: 0 | J5: 0 | K5: 0 | L5: 0 | M5: 0 | N5: 0 | O5: 0 | P5: 0 | Q5: 0 | R5: 0 | S5: 0 | T5: 0 | U5: 0 | V5: 0 | W5: 0 | X5: 0 | Y5: 0 | Z5: 0 | AA5: 0 | AB5: =SUM(D5:AA5) | AD5: 0 | AE5: 0 | AF5: 0 | AG5: 0 | AH5: 0 | AI5: 0 | AJ5: 0 | AK5: 0 | AL5: 0 | AM5: 0 | AN5: 0 | AO5: 0 | AP5: 0 | AQ5: 0 | AR5: 0 | AS5: 0 | AT5: 0 | AU5: 0 | AV5: 0 | AW5: 0 | AX5: 0 | AY5: 0 | AZ5: 0 | BA5: 0 | BB5: =SUM(AD5:BA5)
A6: AMD-AIR-NEW-SSC | B6: Forward Regular OSC | C6: 46100 | D6: 0 | E6: 0 | F6: 0 | G6: 0 | H6: 0 | I6: 0 | J6: 0 | K6: 0 | L6: 0 | M6: 0 | N6: 0 | O6: 0 | P6: 0 | Q6: 0 | R6: 0 | S6: 0 | T6: 0 | U6: 0 | V6: 0 | W6: 0 | X6: 0 | Y6: 0 | Z6: 0 | AA6: 0 | AB6: =SUM(D6:AA6) | AD6: 0 | AE6: 0 | AF6: 0 | AG6: 0 | AH6: 0 | AI6: 0 | AJ6: 0 | AK6: 0 | AL6: 0 | AM6: 0 | AN6: 0 | AO6: 0 | AP6: 0 | AQ6: 0 | AR6: 0 | AS6: 0 | AT6: 0 | AU6: 0 | AV6: 0 | AW6: 0 | AX6: 0 | AY6: 0 | AZ6: 0 | BA6: 0 | BB6: =SUM(AD6:BA6)
A7: AMD-AIR-NEW-SSC | B7: Forward Regular OSC | C7: 46101 | D7: 0 | E7: 0 | F7: 0 | G7: 0 | H7: 0 | I7: 0 | J7: 0 | K7: 0 | L7: 0 | M7: 0 | N7: 0 | O7: 0 | P7: 0 | Q7: 0 | R7: 0 | S7: 0 | T7: 0 | U7: 0 | V7: 0 | W7: 0 | X7: 0 | Y7: 0 | Z7: 0 | AA7: 0 | AB7: =SUM(D7:AA7) | AD7: 0 | AE7: 0 | AF7: 0 | AG7: 0 | AH7: 0 | AI7: 0 | AJ7: 0 | AK7: 0 | AL7: 0 | AM7: 0 | AN7: 0 | AO7: 0 | AP7: 0 | AQ7: 0 | AR7: 0 | AS7: 0 | AT7: 0 | AU7: 0 | AV7: 0 | AW7: 0 | AX7: 0 | AY7: 0 | AZ7: 0 | BA7: 0 | BB7: =SUM(AD7:BA7)
A8: AMD-AIR-NEW-SSC | B8: Forward Regular OSC | C8: 46102 | D8: 0 | E8: 0 | F8: 0 | G8: 0 | H8: 0 | I8: 0 | J8: 0 | K8: 0 | L8: 0 | M8: 0 | N8: 0 | O8: 0 | P8: 0 | Q8: 0 | R8: 0 | S8: 0 | T8: 0 | U8: 0 | V8: 0 | W8: 0 | X8: 0 | Y8: 0 | Z8: 0 | AA8: 0 | AB8: =SUM(D8:AA8) | AD8: 0 | AE8: 0 | AF8: 0 | AG8: 0 | AH8: 0 | AI8: 0 | AJ8: 0 | AK8: 0 | AL8: 0 | AM8: 0 | AN8: 0 | AO8: 0 | AP8: 0 | AQ8: 0 | AR8: 0 | AS8: 0 | AT8: 0 | AU8: 0 | AV8: 0 | AW8: 0 | AX8: 0 | AY8: 0 | AZ8: 0 | BA8: 0 | BB8: =SUM(AD8:BA8)
A9: AMD-AIR-NEW-SSC | B9: Forward Regular OSC | C9: 46103 | D9: 0 | E9: 0 | F9: 0 | G9: 0 | H9: 0 | I9: 0 | J9: 0 | K9: 0 | L9: 0 | M9: 0 | N9: 0 | O9: 0 | P9: 0 | Q9: 0 | R9: 0 | S9: 0 | T9: 0 | U9: 0 | V9: 0 | W9: 0 | X9: 0 | Y9: 0 | Z9: 0 | AA9: 0 | AB9: =SUM(D9:AA9) | AD9: 0 | AE9: 0 | AF9: 0 | AG9: 0 | AH9: 0 | AI9: 0 | AJ9: 0 | AK9: 0 | AL9: 0 | AM9: 0 | AN9: 0 | AO9: 0 | AP9: 0 | AQ9: 0 | AR9: 0 | AS9: 0 | AT9: 0 | AU9: 0 | AV9: 0 | AW9: 0 | AX9: 0 | AY9: 0 | AZ9: 0 | BA9: 0 | BB9: =SUM(AD9:BA9)
A10: AMD-AIR-NEW-SSC | B10: Forward Regular OSC | C10: 46104 | D10: 0 | E10: 0 | F10: 0 | G10: 0 | H10: 0 | I10: 0 | J10: 0 | K10: 0 | L10: 0 | M10: 0 | N10: 0 | O10: 0 | P10: 0 | Q10: 0 | R10: 0 | S10: 0 | T10: 0 | U10: 0 | V10: 0 | W10: 0 | X10: 0 | Y10: 0 | Z10: 0 | AA10: 0 | AB10: =SUM(D10:AA10) | AD10: 0 | AE10: 0 | AF10: 0 | AG10: 0 | AH10: 0 | AI10: 0 | AJ10: 0 | AK10: 0 | AL10: 0 | AM10: 0 | AN10: 0 | AO10: 0 | AP10: 0 | AQ10: 0 | AR10: 0 | AS10: 0 | AT10: 0 | AU10: 0 | AV10: 0 | AW10: 0 | AX10: 0 | AY10: 0 | AZ10: 0 | BA10: 0 | BB10: =SUM(AD10:BA10)
A11: AMD-EXPR | B11: DSC Manual | C11: 46089 | D11: 0 | E11: 0 | F11: 0 | G11: 0 | H11: 0 | I11: 0 | J11: 0 | K11: 0 | L11: 0 | M11: 0 | N11: 0 | O11: 0 | P11: 0 | Q11: 0 | R11: 0 | S11: 0 | T11: 0 | U11: 0 | V11: 0 | W11: 0 | X11: 0 | Y11: 0 | Z11: 0 | AA11: 0 | AB11: =SUM(D11:AA11) | AD11: 0 | AE11: 0 | AF11: 0 | AG11: 0 | AH11: 0 | AI11: 0 | AJ11: 0 | AK11: 0 | AL11: 0 | AM11: 0 | AN11: 0 | AO11: 0 | AP11: 0 | AQ11: 0 | AR11: 0 | AS11: 0 | AT11: 0 | AU11: 0 | AV11: 0 | AW11: 0 | AX11: 0 | AY11: 0 | AZ11: 0 | BA11: 0 | BB11: =SUM(AD11:BA11)
A12: AMD-EXPR | B12: DSC Manual | C12: 46090 | D12: 0 | E12: 0 | F12: 0 | G12: 0 | H12: 0 | I12: 0 | J12: 0 | K12: 0 | L12: 0 | M12: 0 | N12: 0 | O12: 0 | P12: 0 | Q12: 0 | R12: 0 | S12: 0 | T12: 0 | U12: 0 | V12: 0 | W12: 0 | X12: 0 | Y12: 0 | Z12: 0 | AA12: 0 | AB12: =SUM(D12:AA12) | AD12: 0 | AE12: 0 | AF12: 0 | AG12: 0 | AH12: 0 | AI12: 0 | AJ12: 0 | AK12: 0 | AL12: 0 | AM12: 0 | AN12: 0 | AO12: 0 | AP12: 0 | AQ12: 0 | AR12: 0 | AS12: 0 | AT12: 0 | AU12: 0 | AV12: 0 | AW12: 0 | AX12: 0 | AY12: 0 | AZ12: 0 | BA12: 0 | BB12: =SUM(AD12:BA12)
A13: AMD-EXPR | B13: DSC Manual | C13: 46091 | D13: 0 | E13: 0 | F13: 0 | G13: 0 | H13: 0 | I13: 0 | J13: 0 | K13: 0 | L13: 0 | M13: 0 | N13: 0 | O13: 0 | P13: 0 | Q13: 0 | R13: 0 | S13: 0 | T13: 0 | U13: 0 | V13: 0 | W13: 0 | X13: 0 | Y13: 0 | Z13: 0 | AA13: 0 | AB13: =SUM(D13:AA13) | AD13: 0 | AE13: 0 | AF13: 0 | AG13: 0 | AH13: 0 | AI13: 0 | AJ13: 0 | AK13: 0 | AL13: 0 | AM13: 0 | AN13: 0 | AO13: 0 | AP13: 0 | AQ13: 0 | AR13: 0 | AS13: 0 | AT13: 0 | AU13: 0 | AV13: 0 | AW13: 0 | AX13: 0 | AY13: 0 | AZ13: 0 | BA13: 0 | BB13: =SUM(AD13:BA13)
... A85: AMD-MU-01 | B85: Forward Regular OSC | C85: 46091 | D85: 0 | E85: 0 | F85: 0 | G85: 0 | H85: 0 | I85: 0 | J85: 0 | K85: 0 | L85: 0 | M85: 0 | N85: 0 | O85: 0 | P85: 0 | Q85: 0 | R85: 0 | S85: 0 | T85: 0 | U85: 0 | V85: 0 | W85: 0 | X85: 0 | Y85: 0 | Z85: 0 | AA85: 0 | AB85: =SUM(D85:AA85) | AD85: 0 | AE85: 0 | AF85: 0 | AG85: 0 | AH85: 0 | AI85: 0 | AJ85: 0 | AK85: 0 | AL85: 0 | AM85: 0 | AN85: 0 | AO85: 0 | AP85: 0 | AQ85: 0 | AR85: 0 | AS85: 0 | AT85: 0 | AU85: 0 | AV85: 0 | AW85: 0 | AX85: 0 | AY85: 0 | AZ85: 0 | BA85: 0 | BB85: =SUM(AD85:BA85)
A86: AMD-RTS-RCLS-1302-SSC | B86: Rev OSC | C86: 46089 | D86: =Summary!D86 | E86: =Summary!E86 | F86: =Summary!F86 | G86: =Summary!G86 | H86: =Summary!H86 | I86: =Summary!I86 | J86: =Summary!J86 | K86: =Summary!K86 | ... AA86: =Summary!AA86 | AB86: =SUM(D86:AA86) | AD86: =E86*0.000830415+D86*0.000830415 | AE86: =F86*0.000830415+E86*0.000830415 | AF86: =G86*0.000830415+F86*0.000830415 | AG86: =H86*0.000830415+G86*0.000830415 | AH86: =I86*0.000830415+H86*0.000830415 | AI86: =J86*0.000830415+I86*0.000830415 | AJ86: =K86*0.000830415+J86*0.000830415 | AK86: =L86*0.000830415+K86*0.000830415 | ... AZ86: =AA86*0.000830415+Z86*0.000830415 | BA86: =D86*0.000830415+AA86*0.000830415 | BB86: =SUM(AD86:BA86)
A87: AMD-RTS-RCLS-1302-SSC | B87: Rev OSC | C87: 46090 | D87: =Summary!D87 | E87: =Summary!E87 | F87: =Summary!F87 | G87: =Summary!G87 | H87: =Summary!H87 | I87: =Summary!I87 | J87: =Summary!J87 | K87: =Summary!K87 | ... AA87: =Summary!AA87 | AB87: =SUM(D87:AA87) | AD87: =E87*0.000830415+D87*0.000830415 | AE87: =F87*0.000830415+E87*0.000830415 | AF87: =G87*0.000830415+F87*0.000830415 | AG87: =H87*0.000830415+G87*0.000830415 | AH87: =I87*0.000830415+H87*0.000830415 | AI87: =J87*0.000830415+I87*0.000830415 | AJ87: =K87*0.000830415+J87*0.000830415 | AK87: =L87*0.000830415+K87*0.000830415 | ... AZ87: =AA87*0.000830415+Z87*0.000830415 | BA87: =D87*0.000830415+AA87*0.000830415 | BB87: =SUM(AD87:BA87)
A88: AMD-RTS-RCLS-1302-SSC | B88: Rev OSC | C88: 46092 | D88: =Summary!D88 | E88: =Summary!E88 | F88: =Summary!F88 | G88: =Summary!G88 | H88: =Summary!H88 | I88: =Summary!I88 | J88: =Summary!J88 | K88: =Summary!K88 | ... AA88: =Summary!AA88 | AB88: =SUM(D88:AA88) | AD88: =E88*0.000830415+D88*0.000830415 | AE88: =F88*0.000830415+E88*0.000830415 | AF88: =G88*0.000830415+F88*0.000830415 | AG88: =H88*0.000830415+G88*0.000830415 | AH88: =I88*0.000830415+H88*0.000830415 | AI88: =J88*0.000830415+I88*0.000830415 | AJ88: =K88*0.000830415+J88*0.000830415 | AK88: =L88*0.000830415+K88*0.000830415 | ... AZ88: =AA88*0.000830415+Z88*0.000830415 | BA88: =D88*0.000830415+AA88*0.000830415 | BB88: =SUM(AD88:BA88)
A89: AMD-RTS-RCLS-1302-SSC | B89: Rev OSC | C89: 46093 | D89: =Summary!D89 | E89: =Summary!E89 | F89: =Summary!F89 | G89: =Summary!G89 | H89: =Summary!H89 | I89: =Summary!I89 | J89: =Summary!J89 | K89: =Summary!K89 | ... AA89: =Summary!AA89 | AB89: =SUM(D89:AA89) | AD89: =E89*0.000830415+D89*0.000830415 | AE89: =F89*0.000830415+E89*0.000830415 | AF89: =G89*0.000830415+F89*0.000830415 | AG89: =H89*0.000830415+G89*0.000830415 | AH89: =I89*0.000830415+H89*0.000830415 | AI89: =J89*0.000830415+I89*0.000830415 | AJ89: =K89*0.000830415+J89*0.000830415 | AK89: =L89*0.000830415+K89*0.000830415 | ... AZ89: =AA89*0.000830415+Z89*0.000830415 | BA89: =D89*0.000830415+AA89*0.000830415 | BB89: =SUM(AD89:BA89)
A90: AMD-RTS-RCLS-1302-SSC | B90: Rev OSC | C90: 46094 | D90: =Summary!D90 | E90: =Summary!E90 | F90: =Summary!F90 | G90: =Summary!G90 | H90: =Summary!H90 | I90: =Summary!I90 | J90: =Summary!J90 | K90: =Summary!K90 | ... AA90: =Summary!AA90 | AB90: =SUM(D90:AA90) | AD90: =E90*0.000830415+D90*0.000830415 | AE90: =F90*0.000830415+E90*0.000830415 | AF90: =G90*0.000830415+F90*0.000830415 | AG90: =H90*0.000830415+G90*0.000830415 | AH90: =I90*0.000830415+H90*0.000830415 | AI90: =J90*0.000830415+I90*0.000830415 | AJ90: =K90*0.000830415+J90*0.000830415 | AK90: =L90*0.000830415+K90*0.000830415 | ... AZ90: =AA90*0.000830415+Z90*0.000830415 | BA90: =D90*0.000830415+AA90*0.000830415 | BB90: =SUM(AD90:BA90)
A91: AMD-RTS-RCLS-1302-SSC | B91: Rev OSC | C91: 46095 | D91: =Summary!D91 | E91: =Summary!E91 | F91: =Summary!F91 | G91: =Summary!G91 | H91: =Summary!H91 | I91: =Summary!I91 | J91: =Summary!J91 | K91: =Summary!K91 | ... AA91: =Summary!AA91 | AB91: =SUM(D91:AA91) | AD91: =E91*0.000830415+D91*0.000830415 | AE91: =F91*0.000830415+E91*0.000830415 | AF91: =G91*0.000830415+F91*0.000830415 | AG91: =H91*0.000830415+G91*0.000830415 | AH91: =I91*0.000830415+H91*0.000830415 | AI91: =J91*0.000830415+I91*0.000830415 | AJ91: =K91*0.000830415+J91*0.000830415 | AK91: =L91*0.000830415+K91*0.000830415 | ... AZ91: =AA91*0.000830415+Z91*0.000830415 | BA91: =D91*0.000830415+AA91*0.000830415 | BB91: =SUM(AD91:BA91)
A92: AMD-RTS-RCLS-1302-SSC | B92: Rev OSC | C92: 46096 | D92: =Summary!D92 | E92: =Summary!E92 | F92: =Summary!F92 | G92: =Summary!G92 | H92: =Summary!H92 | I92: =Summary!I92 | J92: =Summary!J92 | K92: =Summary!K92 | ... AA92: =Summary!AA92 | AB92: =SUM(D92:AA92) | AD92: =E92*0.000830415+D92*0.000830415 | AE92: =F92*0.000830415+E92*0.000830415 | AF92: =G92*0.000830415+F92*0.000830415 | AG92: =H92*0.000830415+G92*0.000830415 | AH92: =I92*0.000830415+H92*0.000830415 | AI92: =J92*0.000830415+I92*0.000830415 | AJ92: =K92*0.000830415+J92*0.000830415 | AK92: =L92*0.000830415+K92*0.000830415 | ... AZ92: =AA92*0.000830415+Z92*0.000830415 | BA92: =D92*0.000830415+AA92*0.000830415 | BB92: =SUM(AD92:BA92)
A93: AMD-RTS-RCLS-1302-SSC | B93: Rev OSC | C93: 46097 | D93: =Summary!D93 | E93: =Summary!E93 | F93: =Summary!F93 | G93: =Summary!G93 | H93: =Summary!H93 | I93: =Summary!I93 | J93: =Summary!J93 | K93: =Summary!K93 | ... AA93: =Summary!AA93 | AB93: =SUM(D93:AA93) | AD93: =E93*0.000830415+D93*0.000830415 | AE93: =F93*0.000830415+E93*0.000830415 | AF93: =G93*0.000830415+F93*0.000830415 | AG93: =H93*0.000830415+G93*0.000830415 | AH93: =I93*0.000830415+H93*0.000830415 | AI93: =J93*0.000830415+I93*0.000830415 | AJ93: =K93*0.000830415+J93*0.000830415 | AK93: =L93*0.000830415+K93*0.000830415 | ... AZ93: =AA93*0.000830415+Z93*0.000830415 | BA93: =D93*0.000830415+AA93*0.000830415 | BB93: =SUM(AD93:BA93)
A94: AMD-RTS-RCLS-1302-SSC | B94: Rev OSC | C94: 46100 | D94: =Summary!D94 | E94: =Summary!E94 | F94: =Summary!F94 | G94: =Summary!G94 | H94: =Summary!H94 | I94: =Summary!I94 | J94: =Summary!J94 | K94: =Summary!K94 | ... AA94: =Summary!AA94 | AB94: =SUM(D94:AA94) | AD94: =E94*0.000830415+D94*0.000830415 | AE94: =F94*0.000830415+E94*0.000830415 | AF94: =G94*0.000830415+F94*0.000830415 | AG94: =H94*0.000830415+G94*0.000830415 | AH94: =I94*0.000830415+H94*0.000830415 | AI94: =J94*0.000830415+I94*0.000830415 | AJ94: =K94*0.000830415+J94*0.000830415 | AK94: =L94*0.000830415+K94*0.000830415 | ... AZ94: =AA94*0.000830415+Z94*0.000830415 | BA94: =D94*0.000830415+AA94*0.000830415 | BB94: =SUM(AD94:BA94)
A95: AMD-RTS-RCLS-1302-SSC | B95: Rev OSC | C95: 46102 | D95: =Summary!D95 | E95: =Summary!E95 | F95: =Summary!F95 | G95: =Summary!G95 | H95: =Summary!H95 | I95: =Summary!I95 | J95: =Summary!J95 | K95: =Summary!K95 | ... AA95: =Summary!AA95 | AB95: =SUM(D95:AA95) | AD95: =E95*0.000830415+D95*0.000830415 | AE95: =F95*0.000830415+E95*0.000830415 | AF95: =G95*0.000830415+F95*0.000830415 | AG95: =H95*0.000830415+G95*0.000830415 | AH95: =I95*0.000830415+H95*0.000830415 | AI95: =J95*0.000830415+I95*0.000830415 | AJ95: =K95*0.000830415+J95*0.000830415 | AK95: =L95*0.000830415+K95*0.000830415 | ... AZ95: =AA95*0.000830415+Z95*0.000830415 | BA95: =D95*0.000830415+AA95*0.000830415 | BB95: =SUM(AD95:BA95)
A96: AMD-RTS-RCLS-1302-SSC | B96: Rev OSC | C96: 46103 | D96: =Summary!D96 | E96: =Summary!E96 | F96: =Summary!F96 | G96: =Summary!G96 | H96: =Summary!H96 | I96: =Summary!I96 | J96: =Summary!J96 | K96: =Summary!K96 | ... AA96: =Summary!AA96 | AB96: =SUM(D96:AA96) | AD96: =E96*0.000830415+D96*0.000830415 | AE96: =F96*0.000830415+E96*0.000830415 | AF96: =G96*0.000830415+F96*0.000830415 | AG96: =H96*0.000830415+G96*0.000830415 | AH96: =I96*0.000830415+H96*0.000830415 | AI96: =J96*0.000830415+I96*0.000830415 | AJ96: =K96*0.000830415+J96*0.000830415 | AK96: =L96*0.000830415+K96*0.000830415 | ... AZ96: =AA96*0.000830415+Z96*0.000830415 | BA96: =D96*0.000830415+AA96*0.000830415 | BB96: =SUM(AD96:BA96)
A97: AMD-RTS-RCLS-1302-SSC | B97: Rev OSC | C97: 46104 | D97: =Summary!D97 | E97: =Summary!E97 | F97: =Summary!F97 | G97: =Summary!G97 | H97: =Summary!H97 | I97: =Summary!I97 | J97: =Summary!J97 | K97: =Summary!K97 | ... AA97: =Summary!AA97 | AB97: =SUM(D97:AA97) | AD97: =E97*0.000830415+D97*0.000830415 | AE97: =F97*0.000830415+E97*0.000830415 | AF97: =G97*0.000830415+F97*0.000830415 | AG97: =H97*0.000830415+G97*0.000830415 | AH97: =I97*0.000830415+H97*0.000830415 | AI97: =J97*0.000830415+I97*0.000830415 | AJ97: =K97*0.000830415+J97*0.000830415 | AK97: =L97*0.000830415+K97*0.000830415 | ... AZ97: =AA97*0.000830415+Z97*0.000830415 | BA97: =D97*0.000830415+AA97*0.000830415 | BB97: =SUM(AD97:BA97)
... A110: AMD-RTS-RCLS-1302-SSC_2 | B110: Rev OSC | C110: 46104 | D110: =Summary!D110 | E110: =Summary!E110 | F110: =Summary!F110 | G110: =Summary!G110 | H110: =Summary!H110 | I110: =Summary!I110 | J110: =Summary!J110 | K110: =Summary!K110 | ... AA110: =Summary!AA110 | AB110: =SUM(D110:AA110) | AD110: =E110*0.000830415+D110*0.000830415 | AE110: =F110*0.000830415+E110*0.000830415 | AF110: =G110*0.000830415+F110*0.000830415 | AG110: =H110*0.000830415+G110*0.000830415 | AH110: =I110*0.000830415+H110*0.000830415 | AI110: =J110*0.000830415+I110*0.000830415 | AJ110: =K110*0.000830415+J110*0.000830415 | AK110: =L110*0.000830415+K110*0.000830415 | ... AZ110: =AA110*0.000830415+Z110*0.000830415 | BA110: =D110*0.000830415+AA110*0.000830415 | BB110: =SUM(AD110:BA110)
A111: DC-10-1 | B111: DSC Manual | C111: 46089 | D111: 0 | E111: 0 | F111: 0 | G111: 0 | H111: 0 | I111: 0 | J111: 0 | K111: 0 | L111: 0 | M111: 0 | N111: 0 | O111: 0 | P111: 0 | Q111: 0 | R111: 0 | S111: 0 | T111: 0 | U111: 0 | V111: 0 | W111: 0 | X111: 0 | Y111: 0 | Z111: 0 | AA111: 0 | AB111: =SUM(D111:AA111) | AD111: 0 | AE111: 0 | AF111: 0 | AG111: 0 | AH111: 0 | AI111: 0 | AJ111: 0 | AK111: 0 | AL111: 0 | AM111: 0 | AN111: 0 | AO111: 0 | AP111: 0 | AQ111: 0 | AR111: 0 | AS111: 0 | AT111: 0 | AU111: 0 | AV111: 0 | AW111: 0 | AX111: 0 | AY111: 0 | AZ111: 0 | BA111: 0 | BB111: =SUM(AD111:BA111)
A112: DC-10-1 | B112: DSC Manual | C112: 46090 | D112: 0 | E112: 0 | F112: 0 | G112: 0 | H112: 0 | I112: 0 | J112: 0 | K112: 0 | L112: 0 | M112: 0 | N112: 0 | O112: 0 | P112: 0 | Q112: 0 | R112: 0 | S112: 0 | T112: 0 | U112: 0 | V112: 0 | W112: 0 | X112: 0 | Y112: 0 | Z112: 0 | AA112: 0 | AB112: =SUM(D112:AA112) | AD112: 0 | AE112: 0 | AF112: 0 | AG112: 0 | AH112: 0 | AI112: 0 | AJ112: 0 | AK112: 0 | AL112: 0 | AM112: 0 | AN112: 0 | AO112: 0 | AP112: 0 | AQ112: 0 | AR112: 0 | AS112: 0 | AT112: 0 | AU112: 0 | AV112: 0 | AW112: 0 | AX112: 0 | AY112: 0 | AZ112: 0 | BA112: 0 | BB112: =SUM(AD112:BA112)
A113: DC-10-1 | B113: DSC Manual | C113: 46091 | D113: 0 | E113: 0 | F113: 0 | G113: 0 | H113: 0 | I113: 0 | J113: 0 | K113: 0 | L113: 0 | M113: 0 | N113: 0 | O113: 0 | P113: 0 | Q113: 0 | R113: 0 | S113: 0 | T113: 0 | U113: 0 | V113: 0 | W113: 0 | X113: 0 | Y113: 0 | Z113: 0 | AA113: 0 | AB113: =SUM(D113:AA113) | AD113: 0 | AE113: 0 | AF113: 0 | AG113: 0 | AH113: 0 | AI113: 0 | AJ113: 0 | AK113: 0 | AL113: 0 | AM113: 0 | AN113: 0 | AO113: 0 | AP113: 0 | AQ113: 0 | AR113: 0 | AS113: 0 | AT113: 0 | AU113: 0 | AV113: 0 | AW113: 0 | AX113: 0 | AY113: 0 | AZ113: 0 | BA113: 0 | BB113: =SUM(AD113:BA113)
A114: DC-10-1 | B114: DSC Manual | C114: 46092 | D114: 0 | E114: 0 | F114: 0 | G114: 0 | H114: 0 | I114: 0 | J114: 0 | K114: 0 | L114: 0 | M114: 0 | N114: 0 | O114: 0 | P114: 0 | Q114: 0 | R114: 0 | S114: 0 | T114: 0 | U114: 0 | V114: 0 | W114: 0 | X114: 0 | Y114: 0 | Z114: 0 | AA114: 0 | AB114: =SUM(D114:AA114) | AD114: 0 | AE114: 0 | AF114: 0 | AG114: 0 | AH114: 0 | AI114: 0 | AJ114: 0 | AK114: 0 | AL114: 0 | AM114: 0 | AN114: 0 | AO114: 0 | AP114: 0 | AQ114: 0 | AR114: 0 | AS114: 0 | AT114: 0 | AU114: 0 | AV114: 0 | AW114: 0 | AX114: 0 | AY114: 0 | AZ114: 0 | BA114: 0 | BB114: =SUM(AD114:BA114)
A115: DC-10-1 | B115: DSC Manual | C115: 46093 | D115: 0 | E115: 0 | F115: 0 | G115: 0 | H115: 0 | I115: 0 | J115: 0 | K115: 0 | L115: 0 | M115: 0 | N115: 0 | O115: 0 | P115: 0 | Q115: 0 | R115: 0 | S115: 0 | T115: 0 | U115: 0 | V115: 0 | W115: 0 | X115: 0 | Y115: 0 | Z115: 0 | AA115: 0 | AB115: =SUM(D115:AA115) | AD115: 0 | AE115: 0 | AF115: 0 | AG115: 0 | AH115: 0 | AI115: 0 | AJ115: 0 | AK115: 0 | AL115: 0 | AM115: 0 | AN115: 0 | AO115: 0 | AP115: 0 | AQ115: 0 | AR115: 0 | AS115: 0 | AT115: 0 | AU115: 0 | AV115: 0 | AW115: 0 | AX115: 0 | AY115: 0 | AZ115: 0 | BA115: 0 | BB115: =SUM(AD115:BA115)
A116: DC-10-1 | B116: DSC Manual | C116: 46094 | D116: 0 | E116: 0 | F116: 0 | G116: 0 | H116: 0 | I116: 0 | J116: 0 | K116: 0 | L116: 0 | M116: 0 | N116: 0 | O116: 0 | P116: 0 | Q116: 0 | R116: 0 | S116: 0 | T116: 0 | U116: 0 | V116: 0 | W116: 0 | X116: 0 | Y116: 0 | Z116: 0 | AA116: 0 | AB116: =SUM(D116:AA116) | AD116: 0 | AE116: 0 | AF116: 0 | AG116: 0 | AH116: 0 | AI116: 0 | AJ116: 0 | AK116: 0 | AL116: 0 | AM116: 0 | AN116: 0 | AO116: 0 | AP116: 0 | AQ116: 0 | AR116: 0 | AS116: 0 | AT116: 0 | AU116: 0 | AV116: 0 | AW116: 0 | AX116: 0 | AY116: 0 | AZ116: 0 | BA116: 0 | BB116: =SUM(AD116:BA116)
A117: DC-10-1 | B117: DSC Manual | C117: 46095 | D117: 0 | E117: 0 | F117: 0 | G117: 0 | H117: 0 | I117: 0 | J117: 0 | K117: 0 | L117: 0 | M117: 0 | N117: 0 | O117: 0 | P117: 0 | Q117: 0 | R117: 0 | S117: 0 | T117: 0 | U117: 0 | V117: 0 | W117: 0 | X117: 0 | Y117: 0 | Z117: 0 | AA117: 0 | AB117: =SUM(D117:AA117) | AD117: 0 | AE117: 0 | AF117: 0 | AG117: 0 | AH117: 0 | AI117: 0 | AJ117: 0 | AK117: 0 | AL117: 0 | AM117: 0 | AN117: 0 | AO117: 0 | AP117: 0 | AQ117: 0 | AR117: 0 | AS117: 0 | AT117: 0 | AU117: 0 | AV117: 0 | AW117: 0 | AX117: 0 | AY117: 0 | AZ117: 0 | BA117: 0 | BB117: =SUM(AD117:BA117)
A118: DC-10-1 | B118: DSC Manual | C118: 46096 | D118: 0 | E118: 0 | F118: 0 | G118: 0 | H118: 0 | I118: 0 | J118: 0 | K118: 0 | L118: 0 | M118: 0 | N118: 0 | O118: 0 | P118: 0 | Q118: 0 | R118: 0 | S118: 0 | T118: 0 | U118: 0 | V118: 0 | W118: 0 | X118: 0 | Y118: 0 | Z118: 0 | AA118: 0 | AB118: =SUM(D118:AA118) | AD118: 0 | AE118: 0 | AF118: 0 | AG118: 0 | AH118: 0 | AI118: 0 | AJ118: 0 | AK118: 0 | AL118: 0 | AM118: 0 | AN118: 0 | AO118: 0 | AP118: 0 | AQ118: 0 | AR118: 0 | AS118: 0 | AT118: 0 | AU118: 0 | AV118: 0 | AW118: 0 | AX118: 0 | AY118: 0 | AZ118: 0 | BA118: 0 | BB118: =SUM(AD118:BA118)
A119: DC-10-1 | B119: DSC Manual | C119: 46097 | D119: 0 | E119: 0 | F119: 0 | G119: 0 | H119: 0 | I119: 0 | J119: 0 | K119: 0 | L119: 0 | M119: 0 | N119: 0 | O119: 0 | P119: 0 | Q119: 0 | R119: 0 | S119: 0 | T119: 0 | U119: 0 | V119: 0 | W119: 0 | X119: 0 | Y119: 0 | Z119: 0 | AA119: 0 | AB119: =SUM(D119:AA119) | AD119: 0 | AE119: 0 | AF119: 0 | AG119: 0 | AH119: 0 | AI119: 0 | AJ119: 0 | AK119: 0 | AL119: 0 | AM119: 0 | AN119: 0 | AO119: 0 | AP119: 0 | AQ119: 0 | AR119: 0 | AS119: 0 | AT119: 0 | AU119: 0 | AV119: 0 | AW119: 0 | AX119: 0 | AY119: 0 | AZ119: 0 | BA119: 0 | BB119: =SUM(AD119:BA119)

Sheet Bag Staging
A1: Layout | B1: Layout Type | C1: Date | D1: Act Vol 12 AM | E1: Act Vol 1 AM | F1: Act Vol 2 AM | G1: Act Vol 3 AM | H1: Act Vol 4 AM | I1: Act Vol 5 AM | J1: Act Vol 6 AM | K1: Act Vol 7 AM | L1: Act Vol 8 AM | M1: Act Vol 9 AM | N1: Act Vol 10 AM | O1: Act Vol 11 AM | P1: Act Vol 12 PM | Q1: Act Vol 1 PM | R1: Act Vol 2 PM | S1: Act Vol 3 PM | T1: Act Vol 4 PM | U1: Act Vol 5 PM | V1: Act Vol 6 PM | W1: Act Vol 7 PM | X1: Act Vol 8 PM | Y1: Act Vol 9 PM | Z1: Act Vol 10 PM | AA1: Act Vol 11 PM | AB1: Act Vol Total | AD1: MH 12 AM | AE1: MH 1 AM | AF1: MH 2 AM | AG1: MH 3 AM | AH1: MH 4 AM | AI1: MH 5 AM | AJ1: MH 6 AM | AK1: MH 7 AM | AL1: MH 8 AM | AM1: MH 9 AM | AN1: MH 10 AM | AO1: MH 11 AM | AP1: MH 12 PM | AQ1: MH 1 PM | AR1: MH 2 PM | AS1: MH 3 PM | AT1: MH 4 PM | AU1: MH 5 PM | AV1: MH 6 PM | AW1: MH 7 PM | AX1: MH 8 PM | AY1: MH 9 PM | AZ1: MH 10 PM | BA1: MH 11 PM | BB1: MH Total
A2: AMD-AIR-NEW-SSC | B2: Forward Regular OSC | C2: 46093 | D2: =Summary!D2 | E2: =Summary!E2 | F2: =Summary!F2 | G2: =Summary!G2 | H2: =Summary!H2 | I2: =Summary!I2 | J2: =Summary!J2 | K2: =Summary!K2 | ... AA2: =Summary!AA2 | AB2: =SUM(D2:AA2) | AD2: =AA2*0.00028565 | AE2: =D2*0.00028565 | AF2: =E2*0.00028565 | AG2: =F2*0.00028565 | AH2: =G2*0.00028565 | AI2: =H2*0.00028565 | AJ2: =I2*0.00028565 | AK2: =J2*0.00028565 | AL2: =K2*0.00028565 | ... BA2: =Z2*0.00028565 | BB2: =SUM(AD2:BA2)
A3: AMD-AIR-NEW-SSC | B3: Forward Regular OSC | C3: 46094 | D3: =Summary!D3 | E3: =Summary!E3 | F3: =Summary!F3 | G3: =Summary!G3 | H3: =Summary!H3 | I3: =Summary!I3 | J3: =Summary!J3 | K3: =Summary!K3 | ... AA3: =Summary!AA3 | AB3: =SUM(D3:AA3) | AD3: =AA3*0.00028565 | AE3: =D3*0.00028565 | AF3: =E3*0.00028565 | AG3: =F3*0.00028565 | AH3: =G3*0.00028565 | AI3: =H3*0.00028565 | AJ3: =I3*0.00028565 | AK3: =J3*0.00028565 | AL3: =K3*0.00028565 | ... BA3: =Z3*0.00028565 | BB3: =SUM(AD3:BA3)
A4: AMD-AIR-NEW-SSC | B4: Forward Regular OSC | C4: 46096 | D4: =Summary!D4 | E4: =Summary!E4 | F4: =Summary!F4 | G4: =Summary!G4 | H4: =Summary!H4 | I4: =Summary!I4 | J4: =Summary!J4 | K4: =Summary!K4 | ... AA4: =Summary!AA4 | AB4: =SUM(D4:AA4) | AD4: =AA4*0.00028565 | AE4: =D4*0.00028565 | AF4: =E4*0.00028565 | AG4: =F4*0.00028565 | AH4: =G4*0.00028565 | AI4: =H4*0.00028565 | AJ4: =I4*0.00028565 | AK4: =J4*0.00028565 | AL4: =K4*0.00028565 | ... BA4: =Z4*0.00028565 | BB4: =SUM(AD4:BA4)
A5: AMD-AIR-NEW-SSC | B5: Forward Regular OSC | C5: 46097 | D5: =Summary!D5 | E5: =Summary!E5 | F5: =Summary!F5 | G5: =Summary!G5 | H5: =Summary!H5 | I5: =Summary!I5 | J5: =Summary!J5 | K5: =Summary!K5 | ... AA5: =Summary!AA5 | AB5: =SUM(D5:AA5) | AD5: =AA5*0.00028565 | AE5: =D5*0.00028565 | AF5: =E5*0.00028565 | AG5: =F5*0.00028565 | AH5: =G5*0.00028565 | AI5: =H5*0.00028565 | AJ5: =I5*0.00028565 | AK5: =J5*0.00028565 | AL5: =K5*0.00028565 | ... BA5: =Z5*0.00028565 | BB5: =SUM(AD5:BA5)
A6: AMD-AIR-NEW-SSC | B6: Forward Regular OSC | C6: 46100 | D6: =Summary!D6 | E6: =Summary!E6 | F6: =Summary!F6 | G6: =Summary!G6 | H6: =Summary!H6 | I6: =Summary!I6 | J6: =Summary!J6 | K6: =Summary!K6 | ... AA6: =Summary!AA6 | AB6: =SUM(D6:AA6) | AD6: =AA6*0.00028565 | AE6: =D6*0.00028565 | AF6: =E6*0.00028565 | AG6: =F6*0.00028565 | AH6: =G6*0.00028565 | AI6: =H6*0.00028565 | AJ6: =I6*0.00028565 | AK6: =J6*0.00028565 | AL6: =K6*0.00028565 | ... BA6: =Z6*0.00028565 | BB6: =SUM(AD6:BA6)
A7: AMD-AIR-NEW-SSC | B7: Forward Regular OSC | C7: 46101 | D7: =Summary!D7 | E7: =Summary!E7 | F7: =Summary!F7 | G7: =Summary!G7 | H7: =Summary!H7 | I7: =Summary!I7 | J7: =Summary!J7 | K7: =Summary!K7 | ... AA7: =Summary!AA7 | AB7: =SUM(D7:AA7) | AD7: =AA7*0.00028565 | AE7: =D7*0.00028565 | AF7: =E7*0.00028565 | AG7: =F7*0.00028565 | AH7: =G7*0.00028565 | AI7: =H7*0.00028565 | AJ7: =I7*0.00028565 | AK7: =J7*0.00028565 | AL7: =K7*0.00028565 | ... BA7: =Z7*0.00028565 | BB7: =SUM(AD7:BA7)
A8: AMD-AIR-NEW-SSC | B8: Forward Regular OSC | C8: 46102 | D8: =Summary!D8 | E8: =Summary!E8 | F8: =Summary!F8 | G8: =Summary!G8 | H8: =Summary!H8 | I8: =Summary!I8 | J8: =Summary!J8 | K8: =Summary!K8 | ... AA8: =Summary!AA8 | AB8: =SUM(D8:AA8) | AD8: =AA8*0.00028565 | AE8: =D8*0.00028565 | AF8: =E8*0.00028565 | AG8: =F8*0.00028565 | AH8: =G8*0.00028565 | AI8: =H8*0.00028565 | AJ8: =I8*0.00028565 | AK8: =J8*0.00028565 | AL8: =K8*0.00028565 | ... BA8: =Z8*0.00028565 | BB8: =SUM(AD8:BA8)
A9: AMD-AIR-NEW-SSC | B9: Forward Regular OSC | C9: 46103 | D9: =Summary!D9 | E9: =Summary!E9 | F9: =Summary!F9 | G9: =Summary!G9 | H9: =Summary!H9 | I9: =Summary!I9 | J9: =Summary!J9 | K9: =Summary!K9 | ... AA9: =Summary!AA9 | AB9: =SUM(D9:AA9) | AD9: =AA9*0.00028565 | AE9: =D9*0.00028565 | AF9: =E9*0.00028565 | AG9: =F9*0.00028565 | AH9: =G9*0.00028565 | AI9: =H9*0.00028565 | AJ9: =I9*0.00028565 | AK9: =J9*0.00028565 | AL9: =K9*0.00028565 | ... BA9: =Z9*0.00028565 | BB9: =SUM(AD9:BA9)
A10: AMD-AIR-NEW-SSC | B10: Forward Regular OSC | C10: 46104 | D10: =Summary!D10 | E10: =Summary!E10 | F10: =Summary!F10 | G10: =Summary!G10 | H10: =Summary!H10 | I10: =Summary!I10 | J10: =Summary!J10 | K10: =Summary!K10 | ... AA10: =Summary!AA10 | AB10: =SUM(D10:AA10) | AD10: =AA10*0.00028565 | AE10: =D10*0.00028565 | AF10: =E10*0.00028565 | AG10: =F10*0.00028565 | AH10: =G10*0.00028565 | AI10: =H10*0.00028565 | AJ10: =I10*0.00028565 | AK10: =J10*0.00028565 | AL10: =K10*0.00028565 | ... BA10: =Z10*0.00028565 | BB10: =SUM(AD10:BA10)
A11: AMD-EXPR | B11: DSC Manual | C11: 46089 | D11: =Summary!D11 | E11: =Summary!E11 | F11: =Summary!F11 | G11: =Summary!G11 | H11: =Summary!H11 | I11: =Summary!I11 | J11: =Summary!J11 | K11: =Summary!K11 | ... AA11: =Summary!AA11 | AB11: =SUM(D11:AA11) | AD11: =AA11*0.00028565 | AE11: =D11*0.00028565 | AF11: =E11*0.00028565 | AG11: =F11*0.00028565 | AH11: =G11*0.00028565 | AI11: =H11*0.00028565 | AJ11: =I11*0.00028565 | AK11: =J11*0.00028565 | AL11: =K11*0.00028565 | ... BA11: =Z11*0.00028565 | BB11: =SUM(AD11:BA11)
A12: AMD-EXPR | B12: DSC Manual | C12: 46090 | D12: =Summary!D12 | E12: =Summary!E12 | F12: =Summary!F12 | G12: =Summary!G12 | H12: =Summary!H12 | I12: =Summary!I12 | J12: =Summary!J12 | K12: =Summary!K12 | ... AA12: =Summary!AA12 | AB12: =SUM(D12:AA12) | AD12: =AA12*0.00028565 | AE12: =D12*0.00028565 | AF12: =E12*0.00028565 | AG12: =F12*0.00028565 | AH12: =G12*0.00028565 | AI12: =H12*0.00028565 | AJ12: =I12*0.00028565 | AK12: =J12*0.00028565 | AL12: =K12*0.00028565 | ... BA12: =Z12*0.00028565 | BB12: =SUM(AD12:BA12)
A13: AMD-EXPR | B13: DSC Manual | C13: 46091 | D13: =Summary!D13 | E13: =Summary!E13 | F13: =Summary!F13 | G13: =Summary!G13 | H13: =Summary!H13 | I13: =Summary!I13 | J13: =Summary!J13 | K13: =Summary!K13 | ... AA13: =Summary!AA13 | AB13: =SUM(D13:AA13) | AD13: =AA13*0.00028565 | AE13: =D13*0.00028565 | AF13: =E13*0.00028565 | AG13: =F13*0.00028565 | AH13: =G13*0.00028565 | AI13: =H13*0.00028565 | AJ13: =I13*0.00028565 | AK13: =J13*0.00028565 | AL13: =K13*0.00028565 | ... BA13: =Z13*0.00028565 | BB13: =SUM(AD13:BA13)
... A119: DC-10-1 | B119: DSC Manual | C119: 46097 | D119: =Summary!D119 | E119: =Summary!E119 | F119: =Summary!F119 | G119: =Summary!G119 | H119: =Summary!H119 | I119: =Summary!I119 | J119: =Summary!J119 | K119: =Summary!K119 | ... AA119: =Summary!AA119 | AB119: =SUM(D119:AA119) | AD119: =AA119*0.00028565 | AE119: =D119*0.00028565 | AF119: =E119*0.00028565 | AG119: =F119*0.00028565 | AH119: =G119*0.00028565 | AI119: =H119*0.00028565 | AJ119: =I119*0.00028565 | AK119: =J119*0.00028565 | AL119: =K119*0.00028565 | ... BA119: =Z119*0.00028565 | BB119: =SUM(AD119:BA119)

Sheet Bag Staging Volumetric
A1: Layout | B1: Layout Type | C1: Date | D1: Act Vol 12 AM | E1: Act Vol 1 AM | F1: Act Vol 2 AM | G1: Act Vol 3 AM | H1: Act Vol 4 AM | I1: Act Vol 5 AM | J1: Act Vol 6 AM | K1: Act Vol 7 AM | L1: Act Vol 8 AM | M1: Act Vol 9 AM | N1: Act Vol 10 AM | O1: Act Vol 11 AM | P1: Act Vol 12 PM | Q1: Act Vol 1 PM | R1: Act Vol 2 PM | S1: Act Vol 3 PM | T1: Act Vol 4 PM | U1: Act Vol 5 PM | V1: Act Vol 6 PM | W1: Act Vol 7 PM | X1: Act Vol 8 PM | Y1: Act Vol 9 PM | Z1: Act Vol 10 PM | AA1: Act Vol 11 PM | AB1: Act Vol Total | AD1: MH 12 AM | AE1: MH 1 AM | AF1: MH 2 AM | AG1: MH 3 AM | AH1: MH 4 AM | AI1: MH 5 AM | AJ1: MH 6 AM | AK1: MH 7 AM | AL1: MH 8 AM | AM1: MH 9 AM | AN1: MH 10 AM | AO1: MH 11 AM | AP1: MH 12 PM | AQ1: MH 1 PM | AR1: MH 2 PM | AS1: MH 3 PM | AT1: MH 4 PM | AU1: MH 5 PM | AV1: MH 6 PM | AW1: MH 7 PM | AX1: MH 8 PM | AY1: MH 9 PM | AZ1: MH 10 PM | BA1: MH 11 PM | BB1: MH Total
A2: AMD-AIR-NEW-SSC | B2: Forward Regular OSC | C2: 46093 | D2: 0 | E2: 0 | F2: 0 | G2: 0 | H2: 0 | I2: 0 | J2: 0 | K2: 0 | L2: 0 | M2: 0 | N2: 0 | O2: 0 | P2: 0 | Q2: 0 | R2: 20 | S2: 19 | T2: 0 | U2: 0 | V2: 0 | W2: 0 | X2: 0 | Y2: 0 | Z2: 0 | AA2: 0 | AB2: =SUM(D2:AA2) | AD2: =AA2*0.0042847645+D2*0.0008569529 | AE2: =D2*0.0042847645+E2*0.0008569529 | AF2: =E2*0.0042847645+F2*0.0008569529 | AG2: =F2*0.0042847645+G2*0.0008569529 | AH2: =G2*0.0042847645+H2*0.0008569529 | AI2: =H2*0.0042847645+I2*0.0008569529 | AJ2: =I2*0.0042847645+J2*0.0008569529 | AK2: =J2*0.0042847645+K2*0.0008569529 | AL2: =K2*0.0042847645+L2*0.0008569529 | ... BA2: =Z2*0.0042847645+AA2*0.0008569529 | BB2: =SUM(AD2:BA2)
A3: AMD-AIR-NEW-SSC | B3: Forward Regular OSC | C3: 46094 | D3: 0 | E3: 0 | F3: 0 | G3: 0 | H3: 0 | I3: 0 | J3: 0 | K3: 0 | L3: 0 | M3: 0 | N3: 0 | O3: 0 | P3: 0 | Q3: 0 | R3: 0 | S3: 29 | T3: 0 | U3: 0 | V3: 0 | W3: 0 | X3: 0 | Y3: 0 | Z3: 0 | AA3: 0 | AB3: =SUM(D3:AA3) | AD3: =AA3*0.0042847645+D3*0.0008569529 | AE3: =D3*0.0042847645+E3*0.0008569529 | AF3: =E3*0.0042847645+F3*0.0008569529 | AG3: =F3*0.0042847645+G3*0.0008569529 | AH3: =G3*0.0042847645+H3*0.0008569529 | AI3: =H3*0.0042847645+I3*0.0008569529 | AJ3: =I3*0.0042847645+J3*0.0008569529 | AK3: =J3*0.0042847645+K3*0.0008569529 | AL3: =K3*0.0042847645+L3*0.0008569529 | ... BA3: =Z3*0.0042847645+AA3*0.0008569529 | BB3: =SUM(AD3:BA3)
A4: AMD-AIR-NEW-SSC | B4: Forward Regular OSC | C4: 46096 | D4: 0 | E4: 0 | F4: 0 | G4: 0 | H4: 0 | I4: 0 | J4: 0 | K4: 0 | L4: 0 | M4: 0 | N4: 0 | O4: 0 | P4: 0 | Q4: 0 | R4: 18 | S4: 0 | T4: 0 | U4: 0 | V4: 0 | W4: 0 | X4: 0 | Y4: 0 | Z4: 0 | AA4: 0 | AB4: =SUM(D4:AA4) | AD4: =AA4*0.0042847645+D4*0.0008569529 | AE4: =D4*0.0042847645+E4*0.0008569529 | AF4: =E4*0.0042847645+F4*0.0008569529 | AG4: =F4*0.0042847645+G4*0.0008569529 | AH4: =G4*0.0042847645+H4*0.0008569529 | AI4: =H4*0.0042847645+I4*0.0008569529 | AJ4: =I4*0.0042847645+J4*0.0008569529 | AK4: =J4*0.0042847645+K4*0.0008569529 | AL4: =K4*0.0042847645+L4*0.0008569529 | ... BA4: =Z4*0.0042847645+AA4*0.0008569529 | BB4: =SUM(AD4:BA4)
A5: AMD-AIR-NEW-SSC | B5: Forward Regular OSC | C5: 46097 | D5: 0 | E5: 0 | F5: 0 | G5: 0 | H5: 0 | I5: 0 | J5: 0 | K5: 0 | L5: 0 | M5: 0 | N5: 0 | O5: 0 | P5: 0 | Q5: 0 | R5: 10 | S5: 0 | T5: 0 | U5: 0 | V5: 0 | W5: 0 | X5: 0 | Y5: 0 | Z5: 0 | AA5: 0 | AB5: =SUM(D5:AA5) | AD5: =AA5*0.0042847645+D5*0.0008569529 | AE5: =D5*0.0042847645+E5*0.0008569529 | AF5: =E5*0.0042847645+F5*0.0008569529 | AG5: =F5*0.0042847645+G5*0.0008569529 | AH5: =G5*0.0042847645+H5*0.0008569529 | AI5: =H5*0.0042847645+I5*0.0008569529 | AJ5: =I5*0.0042847645+J5*0.0008569529 | AK5: =J5*0.0042847645+K5*0.0008569529 | AL5: =K5*0.0042847645+L5*0.0008569529 | ... BA5: =Z5*0.0042847645+AA5*0.0008569529 | BB5: =SUM(AD5:BA5)
A6: AMD-AIR-NEW-SSC | B6: Forward Regular OSC | C6: 46100 | D6: 0 | E6: 0 | F6: 0 | G6: 0 | H6: 0 | I6: 0 | J6: 0 | K6: 0 | L6: 0 | M6: 0 | N6: 0 | O6: 0 | P6: 0 | Q6: 0 | R6: 15 | S6: 16 | T6: 0 | U6: 0 | V6: 0 | W6: 0 | X6: 0 | Y6: 0 | Z6: 0 | AA6: 0 | AB6: =SUM(D6:AA6) | AD6: =AA6*0.0042847645+D6*0.0008569529 | AE6: =D6*0.0042847645+E6*0.0008569529 | AF6: =E6*0.0042847645+F6*0.0008569529 | AG6: =F6*0.0042847645+G6*0.0008569529 | AH6: =G6*0.0042847645+H6*0.0008569529 | AI6: =H6*0.0042847645+I6*0.0008569529 | AJ6: =I6*0.0042847645+J6*0.0008569529 | AK6: =J6*0.0042847645+K6*0.0008569529 | AL6: =K6*0.0042847645+L6*0.0008569529 | ... BA6: =Z6*0.0042847645+AA6*0.0008569529 | BB6: =SUM(AD6:BA6)
A7: AMD-AIR-NEW-SSC | B7: Forward Regular OSC | C7: 46101 | D7: 0 | E7: 0 | F7: 0 | G7: 0 | H7: 0 | I7: 0 | J7: 0 | K7: 0 | L7: 0 | M7: 0 | N7: 0 | O7: 0 | P7: 0 | Q7: 0 | R7: 0 | S7: 18 | T7: 12 | U7: 0 | V7: 0 | W7: 0 | X7: 0 | Y7: 0 | Z7: 0 | AA7: 0 | AB7: =SUM(D7:AA7) | AD7: =AA7*0.0042847645+D7*0.0008569529 | AE7: =D7*0.0042847645+E7*0.0008569529 | AF7: =E7*0.0042847645+F7*0.0008569529 | AG7: =F7*0.0042847645+G7*0.0008569529 | AH7: =G7*0.0042847645+H7*0.0008569529 | AI7: =H7*0.0042847645+I7*0.0008569529 | AJ7: =I7*0.0042847645+J7*0.0008569529 | AK7: =J7*0.0042847645+K7*0.0008569529 | AL7: =K7*0.0042847645+L7*0.0008569529 | ... BA7: =Z7*0.0042847645+AA7*0.0008569529 | BB7: =SUM(AD7:BA7)
A8: AMD-AIR-NEW-SSC | B8: Forward Regular OSC | C8: 46102 | D8: 0 | E8: 0 | F8: 0 | G8: 0 | H8: 0 | I8: 0 | J8: 0 | K8: 0 | L8: 0 | M8: 0 | N8: 0 | O8: 0 | P8: 0 | Q8: 0 | R8: 3 | S8: 5 | T8: 0 | U8: 0 | V8: 0 | W8: 0 | X8: 0 | Y8: 0 | Z8: 0 | AA8: 0 | AB8: =SUM(D8:AA8) | AD8: =AA8*0.0042847645+D8*0.0008569529 | AE8: =D8*0.0042847645+E8*0.0008569529 | AF8: =E8*0.0042847645+F8*0.0008569529 | AG8: =F8*0.0042847645+G8*0.0008569529 | AH8: =G8*0.0042847645+H8*0.0008569529 | AI8: =H8*0.0042847645+I8*0.0008569529 | AJ8: =I8*0.0042847645+J8*0.0008569529 | AK8: =J8*0.0042847645+K8*0.0008569529 | AL8: =K8*0.0042847645+L8*0.0008569529 | ... BA8: =Z8*0.0042847645+AA8*0.0008569529 | BB8: =SUM(AD8:BA8)
A9: AMD-AIR-NEW-SSC | B9: Forward Regular OSC | C9: 46103 | D9: 0 | E9: 0 | F9: 0 | G9: 0 | H9: 0 | I9: 0 | J9: 0 | K9: 0 | L9: 0 | M9: 0 | N9: 0 | O9: 0 | P9: 0 | Q9: 0 | R9: 9 | S9: 0 | T9: 0 | U9: 0 | V9: 0 | W9: 0 | X9: 0 | Y9: 0 | Z9: 0 | AA9: 0 | AB9: =SUM(D9:AA9) | AD9: =AA9*0.0042847645+D9*0.0008569529 | AE9: =D9*0.0042847645+E9*0.0008569529 | AF9: =E9*0.0042847645+F9*0.0008569529 | AG9: =F9*0.0042847645+G9*0.0008569529 | AH9: =G9*0.0042847645+H9*0.0008569529 | AI9: =H9*0.0042847645+I9*0.0008569529 | AJ9: =I9*0.0042847645+J9*0.0008569529 | AK9: =J9*0.0042847645+K9*0.0008569529 | AL9: =K9*0.0042847645+L9*0.0008569529 | ... BA9: =Z9*0.0042847645+AA9*0.0008569529 | BB9: =SUM(AD9:BA9)
A10: AMD-AIR-NEW-SSC | B10: Forward Regular OSC | C10: 46104 | D10: 0 | E10: 0 | F10: 0 | G10: 0 | H10: 0 | I10: 0 | J10: 0 | K10: 0 | L10: 0 | M10: 0 | N10: 0 | O10: 0 | P10: 0 | Q10: 0 | R10: 10 | S10: 0 | T10: 0 | U10: 0 | V10: 0 | W10: 0 | X10: 0 | Y10: 0 | Z10: 0 | AA10: 0 | AB10: =SUM(D10:AA10) | AD10: =AA10*0.0042847645+D10*0.0008569529 | AE10: =D10*0.0042847645+E10*0.0008569529 | AF10: =E10*0.0042847645+F10*0.0008569529 | AG10: =F10*0.0042847645+G10*0.0008569529 | AH10: =G10*0.0042847645+H10*0.0008569529 | AI10: =H10*0.0042847645+I10*0.0008569529 | AJ10: =I10*0.0042847645+J10*0.0008569529 | AK10: =J10*0.0042847645+K10*0.0008569529 | AL10: =K10*0.0042847645+L10*0.0008569529 | ... BA10: =Z10*0.0042847645+AA10*0.0008569529 | BB10: =SUM(AD10:BA10)
A11: AMD-EXPR | B11: DSC Manual | C11: 46089 | D11: 0 | E11: 0 | F11: 0 | G11: 2 | H11: 18 | I11: 7 | J11: 5 | K11: 4 | L11: 0 | M11: 0 | N11: 0 | O11: 0 | P11: 0 | Q11: 0 | R11: 0 | S11: 23 | T11: 0 | U11: 14 | V11: 18 | W11: 19 | X11: 31 | Y11: 32 | Z11: 0 | AA11: 0 | AB11: =SUM(D11:AA11) | AD11: =AA11*0.0042847645+D11*0.0008569529 | AE11: =D11*0.0042847645+E11*0.0008569529 | AF11: =E11*0.0042847645+F11*0.0008569529 | AG11: =F11*0.0042847645+G11*0.0008569529 | AH11: =G11*0.0042847645+H11*0.0008569529 | AI11: =H11*0.0042847645+I11*0.0008569529 | AJ11: =I11*0.0042847645+J11*0.0008569529 | AK11: =J11*0.0042847645+K11*0.0008569529 | AL11: =K11*0.0042847645+L11*0.0008569529 | ... BA11: =Z11*0.0042847645+AA11*0.0008569529 | BB11: =SUM(AD11:BA11)
A12: AMD-EXPR | B12: DSC Manual | C12: 46090 | D12: 0 | E12: 0 | F12: 0 | G12: 0 | H12: 0 | I12: 10 | J12: 15 | K12: 0 | L12: 0 | M12: 0 | N12: 0 | O12: 0 | P12: 0 | Q12: 0 | R12: 0 | S12: 0 | T12: 23 | U12: 0 | V12: 17 | W12: 16 | X12: 22 | Y12: 22 | Z12: 23 | AA12: 0 | AB12: =SUM(D12:AA12) | AD12: =AA12*0.0042847645+D12*0.0008569529 | AE12: =D12*0.0042847645+E12*0.0008569529 | AF12: =E12*0.0042847645+F12*0.0008569529 | AG12: =F12*0.0042847645+G12*0.0008569529 | AH12: =G12*0.0042847645+H12*0.0008569529 | AI12: =H12*0.0042847645+I12*0.0008569529 | AJ12: =I12*0.0042847645+J12*0.0008569529 | AK12: =J12*0.0042847645+K12*0.0008569529 | AL12: =K12*0.0042847645+L12*0.0008569529 | ... BA12: =Z12*0.0042847645+AA12*0.0008569529 | BB12: =SUM(AD12:BA12)
A13: AMD-EXPR | B13: DSC Manual | C13: 46091 | D13: 0 | E13: 0 | F13: 0 | G13: 0 | H13: 0 | I13: 0 | J13: 15 | K13: 0 | L13: 0 | M13: 0 | N13: 0 | O13: 0 | P13: 0 | Q13: 0 | R13: 0 | S13: 37 | T13: 13 | U13: 0 | V13: 15 | W13: 29 | X13: 14 | Y13: 48 | Z13: 13 | AA13: 0 | AB13: =SUM(D13:AA13) | AD13: =AA13*0.0042847645+D13*0.0008569529 | AE13: =D13*0.0042847645+E13*0.0008569529 | AF13: =E13*0.0042847645+F13*0.0008569529 | AG13: =F13*0.0042847645+G13*0.0008569529 | AH13: =G13*0.0042847645+H13*0.0008569529 | AI13: =H13*0.0042847645+I13*0.0008569529 | AJ13: =I13*0.0042847645+J13*0.0008569529 | AK13: =J13*0.0042847645+K13*0.0008569529 | AL13: =K13*0.0042847645+L13*0.0008569529 | ... BA13: =Z13*0.0042847645+AA13*0.0008569529 | BB13: =SUM(AD13:BA13)
... A119: DC-10-1 | B119: DSC Manual | C119: 46097 | D119: 7 | E119: 5 | F119: 12 | G119: 32 | H119: 22 | I119: 21 | J119: 2 | K119: 0 | L119: 0 | M119: 0 | N119: 0 | O119: 0 | P119: 0 | Q119: 0 | R119: 217 | S119: 170 | T119: 46 | U119: 139 | V119: 163 | W119: 196 | X119: 214 | Y119: 143 | Z119: 0 | AA119: 0 | AB119: =SUM(D119:AA119) | AD119: =AA119*0.0042847645+D119*0.0008569529 | AE119: =D119*0.0042847645+E119*0.0008569529 | AF119: =E119*0.0042847645+F119*0.0008569529 | AG119: =F119*0.0042847645+G119*0.0008569529 | AH119: =G119*0.0042847645+H119*0.0008569529 | AI119: =H119*0.0042847645+I119*0.0008569529 | AJ119: =I119*0.0042847645+J119*0.0008569529 | AK119: =J119*0.0042847645+K119*0.0008569529 | AL119: =K119*0.0042847645+L119*0.0008569529 | ... BA119: =Z119*0.0042847645+AA119*0.0008569529 | BB119: =SUM(AD119:BA119)

Sheet FWD FSM
A1: Layout | B1: Layout Type | C1: Date | D1: Act Vol 12 AM | E1: Act Vol 1 AM | F1: Act Vol 2 AM | G1: Act Vol 3 AM | H1: Act Vol 4 AM | I1: Act Vol 5 AM | J1: Act Vol 6 AM | K1: Act Vol 7 AM | L1: Act Vol 8 AM | M1: Act Vol 9 AM | N1: Act Vol 10 AM | O1: Act Vol 11 AM | P1: Act Vol 12 PM | Q1: Act Vol 1 PM | R1: Act Vol 2 PM | S1: Act Vol 3 PM | T1: Act Vol 4 PM | U1: Act Vol 5 PM | V1: Act Vol 6 PM | W1: Act Vol 7 PM | X1: Act Vol 8 PM | Y1: Act Vol 9 PM | Z1: Act Vol 10 PM | AA1: Act Vol 11 PM | AB1: Act Vol Total | AD1: MH 12 AM | AE1: MH 1 AM | AF1: MH 2 AM | AG1: MH 3 AM | AH1: MH 4 AM | AI1: MH 5 AM | AJ1: MH 6 AM | AK1: MH 7 AM | AL1: MH 8 AM | AM1: MH 9 AM | AN1: MH 10 AM | AO1: MH 11 AM | AP1: MH 12 PM | AQ1: MH 1 PM | AR1: MH 2 PM | AS1: MH 3 PM | AT1: MH 4 PM | AU1: MH 5 PM | AV1: MH 6 PM | AW1: MH 7 PM | AX1: MH 8 PM | AY1: MH 9 PM | AZ1: MH 10 PM | BA1: MH 11 PM | BB1: MH Total
A2: AMD-AIR-NEW-SSC | B2: Forward Regular OSC | C2: 46093 | D2: =Summary!D2*0.2 | E2: =Summary!E2*0.2 | F2: =Summary!F2*0.2 | G2: =Summary!G2*0.2 | H2: =Summary!H2*0.2 | I2: =Summary!I2*0.2 | J2: =Summary!J2*0.2 | K2: =Summary!K2*0.2 | ... AA2: =Summary!AA2*0.2 | AB2: =SUM(D2:AA2) | AD2: =E2*0.0019178667+D2*0.0003835733 | AE2: =F2*0.0019178667+E2*0.0003835733 | AF2: =G2*0.0019178667+F2*0.0003835733 | AG2: =H2*0.0019178667+G2*0.0003835733 | AH2: =I2*0.0019178667+H2*0.0003835733 | AI2: =J2*0.0019178667+I2*0.0003835733 | AJ2: =K2*0.0019178667+J2*0.0003835733 | AK2: =L2*0.0019178667+K2*0.0003835733 | ... AZ2: =AA2*0.0019178667+Z2*0.0003835733 | BA2: =D2*0.0019178667+AA2*0.0003835733 | BB2: =SUM(AD2:BA2)
A3: AMD-AIR-NEW-SSC | B3: Forward Regular OSC | C3: 46094 | D3: =Summary!D3*0.2 | E3: =Summary!E3*0.2 | F3: =Summary!F3*0.2 | G3: =Summary!G3*0.2 | H3: =Summary!H3*0.2 | I3: =Summary!I3*0.2 | J3: =Summary!J3*0.2 | K3: =Summary!K3*0.2 | ... AA3: =Summary!AA3*0.2 | AB3: =SUM(D3:AA3) | AD3: =E3*0.0019178667+D3*0.0003835733 | AE3: =F3*0.0019178667+E3*0.0003835733 | AF3: =G3*0.0019178667+F3*0.0003835733 | AG3: =H3*0.0019178667+G3*0.0003835733 | AH3: =I3*0.0019178667+H3*0.0003835733 | AI3: =J3*0.0019178667+I3*0.0003835733 | AJ3: =K3*0.0019178667+J3*0.0003835733 | AK3: =L3*0.0019178667+K3*0.0003835733 | ... AZ3: =AA3*0.0019178667+Z3*0.0003835733 | BA3: =D3*0.0019178667+AA3*0.0003835733 | BB3: =SUM(AD3:BA3)
A4: AMD-AIR-NEW-SSC | B4: Forward Regular OSC | C4: 46096 | D4: =Summary!D4*0.2 | E4: =Summary!E4*0.2 | F4: =Summary!F4*0.2 | G4: =Summary!G4*0.2 | H4: =Summary!H4*0.2 | I4: =Summary!I4*0.2 | J4: =Summary!J4*0.2 | K4: =Summary!K4*0.2 | ... AA4: =Summary!AA4*0.2 | AB4: =SUM(D4:AA4) | AD4: =E4*0.0019178667+D4*0.0003835733 | AE4: =F4*0.0019178667+E4*0.0003835733 | AF4: =G4*0.0019178667+F4*0.0003835733 | AG4: =H4*0.0019178667+G4*0.0003835733 | AH4: =I4*0.0019178667+H4*0.0003835733 | AI4: =J4*0.0019178667+I4*0.0003835733 | AJ4: =K4*0.0019178667+J4*0.0003835733 | AK4: =L4*0.0019178667+K4*0.0003835733 | ... AZ4: =AA4*0.0019178667+Z4*0.0003835733 | BA4: =D4*0.0019178667+AA4*0.0003835733 | BB4: =SUM(AD4:BA4)
A5: AMD-AIR-NEW-SSC | B5: Forward Regular OSC | C5: 46097 | D5: =Summary!D5*0.2 | E5: =Summary!E5*0.2 | F5: =Summary!F5*0.2 | G5: =Summary!G5*0.2 | H5: =Summary!H5*0.2 | I5: =Summary!I5*0.2 | J5: =Summary!J5*0.2 | K5: =Summary!K5*0.2 | ... AA5: =Summary!AA5*0.2 | AB5: =SUM(D5:AA5) | AD5: =E5*0.0019178667+D5*0.0003835733 | AE5: =F5*0.0019178667+E5*0.0003835733 | AF5: =G5*0.0019178667+F5*0.0003835733 | AG5: =H5*0.0019178667+G5*0.0003835733 | AH5: =I5*0.0019178667+H5*0.0003835733 | AI5: =J5*0.0019178667+I5*0.0003835733 | AJ5: =K5*0.0019178667+J5*0.0003835733 | AK5: =L5*0.0019178667+K5*0.0003835733 | ... AZ5: =AA5*0.0019178667+Z5*0.0003835733 | BA5: =D5*0.0019178667+AA5*0.0003835733 | BB5: =SUM(AD5:BA5)
A6: AMD-AIR-NEW-SSC | B6: Forward Regular OSC | C6: 46100 | D6: =Summary!D6*0.2 | E6: =Summary!E6*0.2 | F6: =Summary!F6*0.2 | G6: =Summary!G6*0.2 | H6: =Summary!H6*0.2 | I6: =Summary!I6*0.2 | J6: =Summary!J6*0.2 | K6: =Summary!K6*0.2 | ... AA6: =Summary!AA6*0.2 | AB6: =SUM(D6:AA6) | AD6: =E6*0.0019178667+D6*0.0003835733 | AE6: =F6*0.0019178667+E6*0.0003835733 | AF6: =G6*0.0019178667+F6*0.0003835733 | AG6: =H6*0.0019178667+G6*0.0003835733 | AH6: =I6*0.0019178667+H6*0.0003835733 | AI6: =J6*0.0019178667+I6*0.0003835733 | AJ6: =K6*0.0019178667+J6*0.0003835733 | AK6: =L6*0.0019178667+K6*0.0003835733 | ... AZ6: =AA6*0.0019178667+Z6*0.0003835733 | BA6: =D6*0.0019178667+AA6*0.0003835733 | BB6: =SUM(AD6:BA6)
A7: AMD-AIR-NEW-SSC | B7: Forward Regular OSC | C7: 46101 | D7: =Summary!D7*0.2 | E7: =Summary!E7*0.2 | F7: =Summary!F7*0.2 | G7: =Summary!G7*0.2 | H7: =Summary!H7*0.2 | I7: =Summary!I7*0.2 | J7: =Summary!J7*0.2 | K7: =Summary!K7*0.2 | ... AA7: =Summary!AA7*0.2 | AB7: =SUM(D7:AA7) | AD7: =E7*0.0019178667+D7*0.0003835733 | AE7: =F7*0.0019178667+E7*0.0003835733 | AF7: =G7*0.0019178667+F7*0.0003835733 | AG7: =H7*0.0019178667+G7*0.0003835733 | AH7: =I7*0.0019178667+H7*0.0003835733 | AI7: =J7*0.0019178667+I7*0.0003835733 | AJ7: =K7*0.0019178667+J7*0.0003835733 | AK7: =L7*0.0019178667+K7*0.0003835733 | ... AZ7: =AA7*0.0019178667+Z7*0.0003835733 | BA7: =D7*0.0019178667+AA7*0.0003835733 | BB7: =SUM(AD7:BA7)
A8: AMD-AIR-NEW-SSC | B8: Forward Regular OSC | C8: 46102 | D8: =Summary!D8*0.2 | E8: =Summary!E8*0.2 | F8: =Summary!F8*0.2 | G8: =Summary!G8*0.2 | H8: =Summary!H8*0.2 | I8: =Summary!I8*0.2 | J8: =Summary!J8*0.2 | K8: =Summary!K8*0.2 | ... AA8: =Summary!AA8*0.2 | AB8: =SUM(D8:AA8) | AD8: =E8*0.0019178667+D8*0.0003835733 | AE8: =F8*0.0019178667+E8*0.0003835733 | AF8: =G8*0.0019178667+F8*0.0003835733 | AG8: =H8*0.0019178667+G8*0.0003835733 | AH8: =I8*0.0019178667+H8*0.0003835733 | AI8: =J8*0.0019178667+I8*0.0003835733 | AJ8: =K8*0.0019178667+J8*0.0003835733 | AK8: =L8*0.0019178667+K8*0.0003835733 | ... AZ8: =AA8*0.0019178667+Z8*0.0003835733 | BA8: =D8*0.0019178667+AA8*0.0003835733 | BB8: =SUM(AD8:BA8)
A9: AMD-AIR-NEW-SSC | B9: Forward Regular OSC | C9: 46103 | D9: =Summary!D9*0.2 | E9: =Summary!E9*0.2 | F9: =Summary!F9*0.2 | G9: =Summary!G9*0.2 | H9: =Summary!H9*0.2 | I9: =Summary!I9*0.2 | J9: =Summary!J9*0.2 | K9: =Summary!K9*0.2 | ... AA9: =Summary!AA9*0.2 | AB9: =SUM(D9:AA9) | AD9: =E9*0.0019178667+D9*0.0003835733 | AE9: =F9*0.0019178667+E9*0.0003835733 | AF9: =G9*0.0019178667+F9*0.0003835733 | AG9: =H9*0.0019178667+G9*0.0003835733 | AH9: =I9*0.0019178667+H9*0.0003835733 | AI9: =J9*0.0019178667+I9*0.0003835733 | AJ9: =K9*0.0019178667+J9*0.0003835733 | AK9: =L9*0.0019178667+K9*0.0003835733 | ... AZ9: =AA9*0.0019178667+Z9*0.0003835733 | BA9: =D9*0.0019178667+AA9*0.0003835733 | BB9: =SUM(AD9:BA9)
A10: AMD-AIR-NEW-SSC | B10: Forward Regular OSC | C10: 46104 | D10: =Summary!D10*0.2 | E10: =Summary!E10*0.2 | F10: =Summary!F10*0.2 | G10: =Summary!G10*0.2 | H10: =Summary!H10*0.2 | I10: =Summary!I10*0.2 | J10: =Summary!J10*0.2 | K10: =Summary!K10*0.2 | ... AA10: =Summary!AA10*0.2 | AB10: =SUM(D10:AA10) | AD10: =E10*0.0019178667+D10*0.0003835733 | AE10: =F10*0.0019178667+E10*0.0003835733 | AF10: =G10*0.0019178667+F10*0.0003835733 | AG10: =H10*0.0019178667+G10*0.0003835733 | AH10: =I10*0.0019178667+H10*0.0003835733 | AI10: =J10*0.0019178667+I10*0.0003835733 | AJ10: =K10*0.0019178667+J10*0.0003835733 | AK10: =L10*0.0019178667+K10*0.0003835733 | ... AZ10: =AA10*0.0019178667+Z10*0.0003835733 | BA10: =D10*0.0019178667+AA10*0.0003835733 | BB10: =SUM(AD10:BA10)
A11: AMD-EXPR | B11: DSC Manual | C11: 46089 | D11: 0 | E11: 0 | F11: 0 | G11: 0 | H11: 0 | I11: 0 | J11: 0 | K11: 0 | L11: 0 | M11: 0 | N11: 0 | O11: 0 | P11: 0 | Q11: 0 | R11: 0 | S11: 0 | T11: 0 | U11: 0 | V11: 0 | W11: 0 | X11: 0 | Y11: 0 | Z11: 0 | AA11: 0 | AB11: =SUM(D11:AA11) | AD11: 0 | AE11: 0 | AF11: 0 | AG11: 0 | AH11: 0 | AI11: 0 | AJ11: 0 | AK11: 0 | AL11: 0 | AM11: 0 | AN11: 0 | AO11: 0 | AP11: 0 | AQ11: 0 | AR11: 0 | AS11: 0 | AT11: 0 | AU11: 0 | AV11: 0 | AW11: 0 | AX11: 0 | AY11: 0 | AZ11: 0 | BA11: 0 | BB11: =SUM(AD11:BA11)
A12: AMD-EXPR | B12: DSC Manual | C12: 46090 | D12: 0 | E12: 0 | F12: 0 | G12: 0 | H12: 0 | I12: 0 | J12: 0 | K12: 0 | L12: 0 | M12: 0 | N12: 0 | O12: 0 | P12: 0 | Q12: 0 | R12: 0 | S12: 0 | T12: 0 | U12: 0 | V12: 0 | W12: 0 | X12: 0 | Y12: 0 | Z12: 0 | AA12: 0 | AB12: =SUM(D12:AA12) | AD12: 0 | AE12: 0 | AF12: 0 | AG12: 0 | AH12: 0 | AI12: 0 | AJ12: 0 | AK12: 0 | AL12: 0 | AM12: 0 | AN12: 0 | AO12: 0 | AP12: 0 | AQ12: 0 | AR12: 0 | AS12: 0 | AT12: 0 | AU12: 0 | AV12: 0 | AW12: 0 | AX12: 0 | AY12: 0 | AZ12: 0 | BA12: 0 | BB12: =SUM(AD12:BA12)
A13: AMD-EXPR | B13: DSC Manual | C13: 46091 | D13: 0 | E13: 0 | F13: 0 | G13: 0 | H13: 0 | I13: 0 | J13: 0 | K13: 0 | L13: 0 | M13: 0 | N13: 0 | O13: 0 | P13: 0 | Q13: 0 | R13: 0 | S13: 0 | T13: 0 | U13: 0 | V13: 0 | W13: 0 | X13: 0 | Y13: 0 | Z13: 0 | AA13: 0 | AB13: =SUM(D13:AA13) | AD13: 0 | AE13: 0 | AF13: 0 | AG13: 0 | AH13: 0 | AI13: 0 | AJ13: 0 | AK13: 0 | AL13: 0 | AM13: 0 | AN13: 0 | AO13: 0 | AP13: 0 | AQ13: 0 | AR13: 0 | AS13: 0 | AT13: 0 | AU13: 0 | AV13: 0 | AW13: 0 | AX13: 0 | AY13: 0 | AZ13: 0 | BA13: 0 | BB13: =SUM(AD13:BA13)
A14: AMD-EXPR | B14: DSC Manual | C14: 46092 | D14: 0 | E14: 0 | F14: 0 | G14: 0 | H14: 0 | I14: 0 | J14: 0 | K14: 0 | L14: 0 | M14: 0 | N14: 0 | O14: 0 | P14: 0 | Q14: 0 | R14: 0 | S14: 0 | T14: 0 | U14: 0 | V14: 0 | W14: 0 | X14: 0 | Y14: 0 | Z14: 0 | AA14: 0 | AB14: =SUM(D14:AA14) | AD14: 0 | AE14: 0 | AF14: 0 | AG14: 0 | AH14: 0 | AI14: 0 | AJ14: 0 | AK14: 0 | AL14: 0 | AM14: 0 | AN14: 0 | AO14: 0 | AP14: 0 | AQ14: 0 | AR14: 0 | AS14: 0 | AT14: 0 | AU14: 0 | AV14: 0 | AW14: 0 | AX14: 0 | AY14: 0 | AZ14: 0 | BA14: 0 | BB14: =SUM(AD14:BA14)
A15: AMD-EXPR | B15: DSC Manual | C15: 46093 | D15: 0 | E15: 0 | F15: 0 | G15: 0 | H15: 0 | I15: 0 | J15: 0 | K15: 0 | L15: 0 | M15: 0 | N15: 0 | O15: 0 | P15: 0 | Q15: 0 | R15: 0 | S15: 0 | T15: 0 | U15: 0 | V15: 0 | W15: 0 | X15: 0 | Y15: 0 | Z15: 0 | AA15: 0 | AB15: =SUM(D15:AA15) | AD15: 0 | AE15: 0 | AF15: 0 | AG15: 0 | AH15: 0 | AI15: 0 | AJ15: 0 | AK15: 0 | AL15: 0 | AM15: 0 | AN15: 0 | AO15: 0 | AP15: 0 | AQ15: 0 | AR15: 0 | AS15: 0 | AT15: 0 | AU15: 0 | AV15: 0 | AW15: 0 | AX15: 0 | AY15: 0 | AZ15: 0 | BA15: 0 | BB15: =SUM(AD15:BA15)
A16: AMD-EXPR | B16: DSC Manual | C16: 46094 | D16: 0 | E16: 0 | F16: 0 | G16: 0 | H16: 0 | I16: 0 | J16: 0 | K16: 0 | L16: 0 | M16: 0 | N16: 0 | O16: 0 | P16: 0 | Q16: 0 | R16: 0 | S16: 0 | T16: 0 | U16: 0 | V16: 0 | W16: 0 | X16: 0 | Y16: 0 | Z16: 0 | AA16: 0 | AB16: =SUM(D16:AA16) | AD16: 0 | AE16: 0 | AF16: 0 | AG16: 0 | AH16: 0 | AI16: 0 | AJ16: 0 | AK16: 0 | AL16: 0 | AM16: 0 | AN16: 0 | AO16: 0 | AP16: 0 | AQ16: 0 | AR16: 0 | AS16: 0 | AT16: 0 | AU16: 0 | AV16: 0 | AW16: 0 | AX16: 0 | AY16: 0 | AZ16: 0 | BA16: 0 | BB16: =SUM(AD16:BA16)
A17: AMD-EXPR | B17: DSC Manual | C17: 46095 | D17: 0 | E17: 0 | F17: 0 | G17: 0 | H17: 0 | I17: 0 | J17: 0 | K17: 0 | L17: 0 | M17: 0 | N17: 0 | O17: 0 | P17: 0 | Q17: 0 | R17: 0 | S17: 0 | T17: 0 | U17: 0 | V17: 0 | W17: 0 | X17: 0 | Y17: 0 | Z17: 0 | AA17: 0 | AB17: =SUM(D17:AA17) | AD17: 0 | AE17: 0 | AF17: 0 | AG17: 0 | AH17: 0 | AI17: 0 | AJ17: 0 | AK17: 0 | AL17: 0 | AM17: 0 | AN17: 0 | AO17: 0 | AP17: 0 | AQ17: 0 | AR17: 0 | AS17: 0 | AT17: 0 | AU17: 0 | AV17: 0 | AW17: 0 | AX17: 0 | AY17: 0 | AZ17: 0 | BA17: 0 | BB17: =SUM(AD17:BA17)
A18: AMD-EXPR | B18: DSC Manual | C18: 46096 | D18: 0 | E18: 0 | F18: 0 | G18: 0 | H18: 0 | I18: 0 | J18: 0 | K18: 0 | L18: 0 | M18: 0 | N18: 0 | O18: 0 | P18: 0 | Q18: 0 | R18: 0 | S18: 0 | T18: 0 | U18: 0 | V18: 0 | W18: 0 | X18: 0 | Y18: 0 | Z18: 0 | AA18: 0 | AB18: =SUM(D18:AA18) | AD18: 0 | AE18: 0 | AF18: 0 | AG18: 0 | AH18: 0 | AI18: 0 | AJ18: 0 | AK18: 0 | AL18: 0 | AM18: 0 | AN18: 0 | AO18: 0 | AP18: 0 | AQ18: 0 | AR18: 0 | AS18: 0 | AT18: 0 | AU18: 0 | AV18: 0 | AW18: 0 | AX18: 0 | AY18: 0 | AZ18: 0 | BA18: 0 | BB18: =SUM(AD18:BA18)
A19: AMD-EXPR | B19: DSC Manual | C19: 46097 | D19: 0 | E19: 0 | F19: 0 | G19: 0 | H19: 0 | I19: 0 | J19: 0 | K19: 0 | L19: 0 | M19: 0 | N19: 0 | O19: 0 | P19: 0 | Q19: 0 | R19: 0 | S19: 0 | T19: 0 | U19: 0 | V19: 0 | W19: 0 | X19: 0 | Y19: 0 | Z19: 0 | AA19: 0 | AB19: =SUM(D19:AA19) | AD19: 0 | AE19: 0 | AF19: 0 | AG19: 0 | AH19: 0 | AI19: 0 | AJ19: 0 | AK19: 0 | AL19: 0 | AM19: 0 | AN19: 0 | AO19: 0 | AP19: 0 | AQ19: 0 | AR19: 0 | AS19: 0 | AT19: 0 | AU19: 0 | AV19: 0 | AW19: 0 | AX19: 0 | AY19: 0 | AZ19: 0 | BA19: 0 | BB19: =SUM(AD19:BA19)
A20: AMD-EXPR | B20: DSC Manual | C20: 46099 | D20: 0 | E20: 0 | F20: 0 | G20: 0 | H20: 0 | I20: 0 | J20: 0 | K20: 0 | L20: 0 | M20: 0 | N20: 0 | O20: 0 | P20: 0 | Q20: 0 | R20: 0 | S20: 0 | T20: 0 | U20: 0 | V20: 0 | W20: 0 | X20: 0 | Y20: 0 | Z20: 0 | AA20: 0 | AB20: =SUM(D20:AA20) | AD20: 0 | AE20: 0 | AF20: 0 | AG20: 0 | AH20: 0 | AI20: 0 | AJ20: 0 | AK20: 0 | AL20: 0 | AM20: 0 | AN20: 0 | AO20: 0 | AP20: 0 | AQ20: 0 | AR20: 0 | AS20: 0 | AT20: 0 | AU20: 0 | AV20: 0 | AW20: 0 | AX20: 0 | AY20: 0 | AZ20: 0 | BA20: 0 | BB20: =SUM(AD20:BA20)
A21: AMD-EXPR | B21: DSC Manual | C21: 46100 | D21: 0 | E21: 0 | F21: 0 | G21: 0 | H21: 0 | I21: 0 | J21: 0 | K21: 0 | L21: 0 | M21: 0 | N21: 0 | O21: 0 | P21: 0 | Q21: 0 | R21: 0 | S21: 0 | T21: 0 | U21: 0 | V21: 0 | W21: 0 | X21: 0 | Y21: 0 | Z21: 0 | AA21: 0 | AB21: =SUM(D21:AA21) | AD21: 0 | AE21: 0 | AF21: 0 | AG21: 0 | AH21: 0 | AI21: 0 | AJ21: 0 | AK21: 0 | AL21: 0 | AM21: 0 | AN21: 0 | AO21: 0 | AP21: 0 | AQ21: 0 | AR21: 0 | AS21: 0 | AT21: 0 | AU21: 0 | AV21: 0 | AW21: 0 | AX21: 0 | AY21: 0 | AZ21: 0 | BA21: 0 | BB21: =SUM(AD21:BA21)
A22: AMD-EXPR | B22: DSC Manual | C22: 46102 | D22: 0 | E22: 0 | F22: 0 | G22: 0 | H22: 0 | I22: 0 | J22: 0 | K22: 0 | L22: 0 | M22: 0 | N22: 0 | O22: 0 | P22: 0 | Q22: 0 | R22: 0 | S22: 0 | T22: 0 | U22: 0 | V22: 0 | W22: 0 | X22: 0 | Y22: 0 | Z22: 0 | AA22: 0 | AB22: =SUM(D22:AA22) | AD22: 0 | AE22: 0 | AF22: 0 | AG22: 0 | AH22: 0 | AI22: 0 | AJ22: 0 | AK22: 0 | AL22: 0 | AM22: 0 | AN22: 0 | AO22: 0 | AP22: 0 | AQ22: 0 | AR22: 0 | AS22: 0 | AT22: 0 | AU22: 0 | AV22: 0 | AW22: 0 | AX22: 0 | AY22: 0 | AZ22: 0 | BA22: 0 | BB22: =SUM(AD22:BA22)
... A42: AMD-FK-SSC | B42: Prime at Client side | C42: 46105 | D42: 0 | E42: 0 | F42: 0 | G42: 0 | H42: 0 | I42: 0 | J42: 0 | K42: 0 | L42: 0 | M42: 0 | N42: 0 | O42: 0 | P42: 0 | Q42: 0 | R42: 0 | S42: 0 | T42: 0 | U42: 0 | V42: 0 | W42: 0 | X42: 0 | Y42: 0 | Z42: 0 | AA42: 0 | AB42: =SUM(D42:AA42) | AD42: 0 | AE42: 0 | AF42: 0 | AG42: 0 | AH42: 0 | AI42: 0 | AJ42: 0 | AK42: 0 | AL42: 0 | AM42: 0 | AN42: 0 | AO42: 0 | AP42: 0 | AQ42: 0 | AR42: 0 | AS42: 0 | AT42: 0 | AU42: 0 | AV42: 0 | AW42: 0 | AX42: 0 | AY42: 0 | AZ42: 0 | BA42: 0 | BB42: =SUM(AD42:BA42)
A43: AMD-FWDPRI-SSC | B43: FWD Priority OSC | C43: 46098 | D43: =Summary!D43*0.2 | E43: =Summary!E43*0.2 | F43: =Summary!F43*0.2 | G43: =Summary!G43*0.2 | H43: =Summary!H43*0.2 | I43: =Summary!I43*0.2 | J43: =Summary!J43*0.2 | K43: =Summary!K43*0.2 | ... AA43: =Summary!AA43*0.2 | AB43: =SUM(D43:AA43) | AD43: =E43*0.0019178667+D43*0.0003835733 | AE43: =F43*0.0019178667+E43*0.0003835733 | AF43: =G43*0.0019178667+F43*0.0003835733 | AG43: =H43*0.0019178667+G43*0.0003835733 | AH43: =I43*0.0019178667+H43*0.0003835733 | AI43: =J43*0.0019178667+I43*0.0003835733 | AJ43: =K43*0.0019178667+J43*0.0003835733 | AK43: =L43*0.0019178667+K43*0.0003835733 | ... AZ43: =AA43*0.0019178667+Z43*0.0003835733 | BA43: =D43*0.0019178667+AA43*0.0003835733 | BB43: =SUM(AD43:BA43)
A44: AMD-FWDPRI-SSC | B44: FWD Priority OSC | C44: 46099 | D44: =Summary!D44*0.2 | E44: =Summary!E44*0.2 | F44: =Summary!F44*0.2 | G44: =Summary!G44*0.2 | H44: =Summary!H44*0.2 | I44: =Summary!I44*0.2 | J44: =Summary!J44*0.2 | K44: =Summary!K44*0.2 | ... AA44: =Summary!AA44*0.2 | AB44: =SUM(D44:AA44) | AD44: =E44*0.0019178667+D44*0.0003835733 | AE44: =F44*0.0019178667+E44*0.0003835733 | AF44: =G44*0.0019178667+F44*0.0003835733 | AG44: =H44*0.0019178667+G44*0.0003835733 | AH44: =I44*0.0019178667+H44*0.0003835733 | AI44: =J44*0.0019178667+I44*0.0003835733 | AJ44: =K44*0.0019178667+J44*0.0003835733 | AK44: =L44*0.0019178667+K44*0.0003835733 | ... AZ44: =AA44*0.0019178667+Z44*0.0003835733 | BA44: =D44*0.0019178667+AA44*0.0003835733 | BB44: =SUM(AD44:BA44)
A45: AMD-FWDPRI-SSC | B45: FWD Priority OSC | C45: 46100 | D45: =Summary!D45*0.2 | E45: =Summary!E45*0.2 | F45: =Summary!F45*0.2 | G45: =Summary!G45*0.2 | H45: =Summary!H45*0.2 | I45: =Summary!I45*0.2 | J45: =Summary!J45*0.2 | K45: =Summary!K45*0.2 | ... AA45: =Summary!AA45*0.2 | AB45: =SUM(D45:AA45) | AD45: =E45*0.0019178667+D45*0.0003835733 | AE45: =F45*0.0019178667+E45*0.0003835733 | AF45: =G45*0.0019178667+F45*0.0003835733 | AG45: =H45*0.0019178667+G45*0.0003835733 | AH45: =I45*0.0019178667+H45*0.0003835733 | AI45: =J45*0.0019178667+I45*0.0003835733 | AJ45: =K45*0.0019178667+J45*0.0003835733 | AK45: =L45*0.0019178667+K45*0.0003835733 | ... AZ45: =AA45*0.0019178667+Z45*0.0003835733 | BA45: =D45*0.0019178667+AA45*0.0003835733 | BB45: =SUM(AD45:BA45)
A46: AMD-FWDPRI-SSC | B46: FWD Priority OSC | C46: 46101 | D46: =Summary!D46*0.2 | E46: =Summary!E46*0.2 | F46: =Summary!F46*0.2 | G46: =Summary!G46*0.2 | H46: =Summary!H46*0.2 | I46: =Summary!I46*0.2 | J46: =Summary!J46*0.2 | K46: =Summary!K46*0.2 | ... AA46: =Summary!AA46*0.2 | AB46: =SUM(D46:AA46) | AD46: =E46*0.0019178667+D46*0.0003835733 | AE46: =F46*0.0019178667+E46*0.0003835733 | AF46: =G46*0.0019178667+F46*0.0003835733 | AG46: =H46*0.0019178667+G46*0.0003835733 | AH46: =I46*0.0019178667+H46*0.0003835733 | AI46: =J46*0.0019178667+I46*0.0003835733 | AJ46: =K46*0.0019178667+J46*0.0003835733 | AK46: =L46*0.0019178667+K46*0.0003835733 | ... AZ46: =AA46*0.0019178667+Z46*0.0003835733 | BA46: =D46*0.0019178667+AA46*0.0003835733 | BB46: =SUM(AD46:BA46)
A47: AMD-FWDPRI-SSC | B47: FWD Priority OSC | C47: 46102 | D47: =Summary!D47*0.2 | E47: =Summary!E47*0.2 | F47: =Summary!F47*0.2 | G47: =Summary!G47*0.2 | H47: =Summary!H47*0.2 | I47: =Summary!I47*0.2 | J47: =Summary!J47*0.2 | K47: =Summary!K47*0.2 | ... AA47: =Summary!AA47*0.2 | AB47: =SUM(D47:AA47) | AD47: =E47*0.0019178667+D47*0.0003835733 | AE47: =F47*0.0019178667+E47*0.0003835733 | AF47: =G47*0.0019178667+F47*0.0003835733 | AG47: =H47*0.0019178667+G47*0.0003835733 | AH47: =I47*0.0019178667+H47*0.0003835733 | AI47: =J47*0.0019178667+I47*0.0003835733 | AJ47: =K47*0.0019178667+J47*0.0003835733 | AK47: =L47*0.0019178667+K47*0.0003835733 | ... AZ47: =AA47*0.0019178667+Z47*0.0003835733 | BA47: =D47*0.0019178667+AA47*0.0003835733 | BB47: =SUM(AD47:BA47)
A48: AMD-FWDPRI-SSC | B48: FWD Priority OSC | C48: 46103 | D48: =Summary!D48*0.2 | E48: =Summary!E48*0.2 | F48: =Summary!F48*0.2 | G48: =Summary!G48*0.2 | H48: =Summary!H48*0.2 | I48: =Summary!I48*0.2 | J48: =Summary!J48*0.2 | K48: =Summary!K48*0.2 | ... AA48: =Summary!AA48*0.2 | AB48: =SUM(D48:AA48) | AD48: =E48*0.0019178667+D48*0.0003835733 | AE48: =F48*0.0019178667+E48*0.0003835733 | AF48: =G48*0.0019178667+F48*0.0003835733 | AG48: =H48*0.0019178667+G48*0.0003835733 | AH48: =I48*0.0019178667+H48*0.0003835733 | AI48: =J48*0.0019178667+I48*0.0003835733 | AJ48: =K48*0.0019178667+J48*0.0003835733 | AK48: =L48*0.0019178667+K48*0.0003835733 | ... AZ48: =AA48*0.0019178667+Z48*0.0003835733 | BA48: =D48*0.0019178667+AA48*0.0003835733 | BB48: =SUM(AD48:BA48)
A49: AMD-FWDPRI-SSC | B49: FWD Priority OSC | C49: 46104 | D49: =Summary!D49*0.2 | E49: =Summary!E49*0.2 | F49: =Summary!F49*0.2 | G49: =Summary!G49*0.2 | H49: =Summary!H49*0.2 | I49: =Summary!I49*0.2 | J49: =Summary!J49*0.2 | K49: =Summary!K49*0.2 | ... AA49: =Summary!AA49*0.2 | AB49: =SUM(D49:AA49) | AD49: =E49*0.0019178667+D49*0.0003835733 | AE49: =F49*0.0019178667+E49*0.0003835733 | AF49: =G49*0.0019178667+F49*0.0003835733 | AG49: =H49*0.0019178667+G49*0.0003835733 | AH49: =I49*0.0019178667+H49*0.0003835733 | AI49: =J49*0.0019178667+I49*0.0003835733 | AJ49: =K49*0.0019178667+J49*0.0003835733 | AK49: =L49*0.0019178667+K49*0.0003835733 | ... AZ49: =AA49*0.0019178667+Z49*0.0003835733 | BA49: =D49*0.0019178667+AA49*0.0003835733 | BB49: =SUM(AD49:BA49)
A50: AMD-FWDPRI-SSC | B50: FWD Priority OSC | C50: 46105 | D50: =Summary!D50*0.2 | E50: =Summary!E50*0.2 | F50: =Summary!F50*0.2 | G50: =Summary!G50*0.2 | H50: =Summary!H50*0.2 | I50: =Summary!I50*0.2 | J50: =Summary!J50*0.2 | K50: =Summary!K50*0.2 | ... AA50: =Summary!AA50*0.2 | AB50: =SUM(D50:AA50) | AD50: =E50*0.0019178667+D50*0.0003835733 | AE50: =F50*0.0019178667+E50*0.0003835733 | AF50: =G50*0.0019178667+F50*0.0003835733 | AG50: =H50*0.0019178667+G50*0.0003835733 | AH50: =I50*0.0019178667+H50*0.0003835733 | AI50: =J50*0.0019178667+I50*0.0003835733 | AJ50: =K50*0.0019178667+J50*0.0003835733 | AK50: =L50*0.0019178667+K50*0.0003835733 | ... AZ50: =AA50*0.0019178667+Z50*0.0003835733 | BA50: =D50*0.0019178667+AA50*0.0003835733 | BB50: =SUM(AD50:BA50)
A51: AMD-FWDREG-SSC | B51: Forward Regular OSC | C51: 46098 | D51: =Summary!D51*0.2 | E51: =Summary!E51*0.2 | F51: =Summary!F51*0.2 | G51: =Summary!G51*0.2 | H51: =Summary!H51*0.2 | I51: =Summary!I51*0.2 | J51: =Summary!J51*0.2 | K51: =Summary!K51*0.2 | ... AA51: =Summary!AA51*0.2 | AB51: =SUM(D51:AA51) | AD51: =E51*0.0019178667+D51*0.0003835733 | AE51: =F51*0.0019178667+E51*0.0003835733 | AF51: =G51*0.0019178667+F51*0.0003835733 | AG51: =H51*0.0019178667+G51*0.0003835733 | AH51: =I51*0.0019178667+H51*0.0003835733 | AI51: =J51*0.0019178667+I51*0.0003835733 | AJ51: =K51*0.0019178667+J51*0.0003835733 | AK51: =L51*0.0019178667+K51*0.0003835733 | ... AZ51: =AA51*0.0019178667+Z51*0.0003835733 | BA51: =D51*0.0019178667+AA51*0.0003835733 | BB51: =SUM(AD51:BA51)
A52: AMD-FWDREG-SSC | B52: Forward Regular OSC | C52: 46099 | D52: =Summary!D52*0.2 | E52: =Summary!E52*0.2 | F52: =Summary!F52*0.2 | G52: =Summary!G52*0.2 | H52: =Summary!H52*0.2 | I52: =Summary!I52*0.2 | J52: =Summary!J52*0.2 | K52: =Summary!K52*0.2 | ... AA52: =Summary!AA52*0.2 | AB52: =SUM(D52:AA52) | AD52: =E52*0.0019178667+D52*0.0003835733 | AE52: =F52*0.0019178667+E52*0.0003835733 | AF52: =G52*0.0019178667+F52*0.0003835733 | AG52: =H52*0.0019178667+G52*0.0003835733 | AH52: =I52*0.0019178667+H52*0.0003835733 | AI52: =J52*0.0019178667+I52*0.0003835733 | AJ52: =K52*0.0019178667+J52*0.0003835733 | AK52: =L52*0.0019178667+K52*0.0003835733 | ... AZ52: =AA52*0.0019178667+Z52*0.0003835733 | BA52: =D52*0.0019178667+AA52*0.0003835733 | BB52: =SUM(AD52:BA52)
A53: AMD-FWDREG-SSC | B53: Forward Regular OSC | C53: 46100 | D53: =Summary!D53*0.2 | E53: =Summary!E53*0.2 | F53: =Summary!F53*0.2 | G53: =Summary!G53*0.2 | H53: =Summary!H53*0.2 | I53: =Summary!I53*0.2 | J53: =Summary!J53*0.2 | K53: =Summary!K53*0.2 | ... AA53: =Summary!AA53*0.2 | AB53: =SUM(D53:AA53) | AD53: =E53*0.0019178667+D53*0.0003835733 | AE53: =F53*0.0019178667+E53*0.0003835733 | AF53: =G53*0.0019178667+F53*0.0003835733 | AG53: =H53*0.0019178667+G53*0.0003835733 | AH53: =I53*0.0019178667+H53*0.0003835733 | AI53: =J53*0.0019178667+I53*0.0003835733 | AJ53: =K53*0.0019178667+J53*0.0003835733 | AK53: =L53*0.0019178667+K53*0.0003835733 | ... AZ53: =AA53*0.0019178667+Z53*0.0003835733 | BA53: =D53*0.0019178667+AA53*0.0003835733 | BB53: =SUM(AD53:BA53)
A54: AMD-FWDREG-SSC | B54: Forward Regular OSC | C54: 46101 | D54: =Summary!D54*0.2 | E54: =Summary!E54*0.2 | F54: =Summary!F54*0.2 | G54: =Summary!G54*0.2 | H54: =Summary!H54*0.2 | I54: =Summary!I54*0.2 | J54: =Summary!J54*0.2 | K54: =Summary!K54*0.2 | ... AA54: =Summary!AA54*0.2 | AB54: =SUM(D54:AA54) | AD54: =E54*0.0019178667+D54*0.0003835733 | AE54: =F54*0.0019178667+E54*0.0003835733 | AF54: =G54*0.0019178667+F54*0.0003835733 | AG54: =H54*0.0019178667+G54*0.0003835733 | AH54: =I54*0.0019178667+H54*0.0003835733 | AI54: =J54*0.0019178667+I54*0.0003835733 | AJ54: =K54*0.0019178667+J54*0.0003835733 | AK54: =L54*0.0019178667+K54*0.0003835733 | ... AZ54: =AA54*0.0019178667+Z54*0.0003835733 | BA54: =D54*0.0019178667+AA54*0.0003835733 | BB54: =SUM(AD54:BA54)
... A85: AMD-MU-01 | B85: Forward Regular OSC | C85: 46091 | D85: =Summary!D85*0.2 | E85: =Summary!E85*0.2 | F85: =Summary!F85*0.2 | G85: =Summary!G85*0.2 | H85: =Summary!H85*0.2 | I85: =Summary!I85*0.2 | J85: =Summary!J85*0.2 | K85: =Summary!K85*0.2 | ... AA85: =Summary!AA85*0.2 | AB85: =SUM(D85:AA85) | AD85: =E85*0.0019178667+D85*0.0003835733 | AE85: =F85*0.0019178667+E85*0.0003835733 | AF85: =G85*0.0019178667+F85*0.0003835733 | AG85: =H85*0.0019178667+G85*0.0003835733 | AH85: =I85*0.0019178667+H85*0.0003835733 | AI85: =J85*0.0019178667+I85*0.0003835733 | AJ85: =K85*0.0019178667+J85*0.0003835733 | AK85: =L85*0.0019178667+K85*0.0003835733 | ... AZ85: =AA85*0.0019178667+Z85*0.0003835733 | BA85: =D85*0.0019178667+AA85*0.0003835733 | BB85: =SUM(AD85:BA85)
A86: AMD-RTS-RCLS-1302-SSC | B86: Rev OSC | C86: 46089 | D86: 0 | E86: 0 | F86: 0 | G86: 0 | H86: 0 | I86: 0 | J86: 0 | K86: 0 | L86: 0 | M86: 0 | N86: 0 | O86: 0 | P86: 0 | Q86: 0 | R86: 0 | S86: 0 | T86: 0 | U86: 0 | V86: 0 | W86: 0 | X86: 0 | Y86: 0 | Z86: 0 | AA86: 0 | AB86: =SUM(D86:AA86) | AD86: 0 | AE86: 0 | AF86: 0 | AG86: 0 | AH86: 0 | AI86: 0 | AJ86: 0 | AK86: 0 | AL86: 0 | AM86: 0 | AN86: 0 | AO86: 0 | AP86: 0 | AQ86: 0 | AR86: 0 | AS86: 0 | AT86: 0 | AU86: 0 | AV86: 0 | AW86: 0 | AX86: 0 | AY86: 0 | AZ86: 0 | BA86: 0 | BB86: =SUM(AD86:BA86)
A87: AMD-RTS-RCLS-1302-SSC | B87: Rev OSC | C87: 46090 | D87: 0 | E87: 0 | F87: 0 | G87: 0 | H87: 0 | I87: 0 | J87: 0 | K87: 0 | L87: 0 | M87: 0 | N87: 0 | O87: 0 | P87: 0 | Q87: 0 | R87: 0 | S87: 0 | T87: 0 | U87: 0 | V87: 0 | W87: 0 | X87: 0 | Y87: 0 | Z87: 0 | AA87: 0 | AB87: =SUM(D87:AA87) | AD87: 0 | AE87: 0 | AF87: 0 | AG87: 0 | AH87: 0 | AI87: 0 | AJ87: 0 | AK87: 0 | AL87: 0 | AM87: 0 | AN87: 0 | AO87: 0 | AP87: 0 | AQ87: 0 | AR87: 0 | AS87: 0 | AT87: 0 | AU87: 0 | AV87: 0 | AW87: 0 | AX87: 0 | AY87: 0 | AZ87: 0 | BA87: 0 | BB87: =SUM(AD87:BA87)
A88: AMD-RTS-RCLS-1302-SSC | B88: Rev OSC | C88: 46092 | D88: 0 | E88: 0 | F88: 0 | G88: 0 | H88: 0 | I88: 0 | J88: 0 | K88: 0 | L88: 0 | M88: 0 | N88: 0 | O88: 0 | P88: 0 | Q88: 0 | R88: 0 | S88: 0 | T88: 0 | U88: 0 | V88: 0 | W88: 0 | X88: 0 | Y88: 0 | Z88: 0 | AA88: 0 | AB88: =SUM(D88:AA88) | AD88: 0 | AE88: 0 | AF88: 0 | AG88: 0 | AH88: 0 | AI88: 0 | AJ88: 0 | AK88: 0 | AL88: 0 | AM88: 0 | AN88: 0 | AO88: 0 | AP88: 0 | AQ88: 0 | AR88: 0 | AS88: 0 | AT88: 0 | AU88: 0 | AV88: 0 | AW88: 0 | AX88: 0 | AY88: 0 | AZ88: 0 | BA88: 0 | BB88: =SUM(AD88:BA88)
A89: AMD-RTS-RCLS-1302-SSC | B89: Rev OSC | C89: 46093 | D89: 0 | E89: 0 | F89: 0 | G89: 0 | H89: 0 | I89: 0 | J89: 0 | K89: 0 | L89: 0 | M89: 0 | N89: 0 | O89: 0 | P89: 0 | Q89: 0 | R89: 0 | S89: 0 | T89: 0 | U89: 0 | V89: 0 | W89: 0 | X89: 0 | Y89: 0 | Z89: 0 | AA89: 0 | AB89: =SUM(D89:AA89) | AD89: 0 | AE89: 0 | AF89: 0 | AG89: 0 | AH89: 0 | AI89: 0 | AJ89: 0 | AK89: 0 | AL89: 0 | AM89: 0 | AN89: 0 | AO89: 0 | AP89: 0 | AQ89: 0 | AR89: 0 | AS89: 0 | AT89: 0 | AU89: 0 | AV89: 0 | AW89: 0 | AX89: 0 | AY89: 0 | AZ89: 0 | BA89: 0 | BB89: =SUM(AD89:BA89)
A90: AMD-RTS-RCLS-1302-SSC | B90: Rev OSC | C90: 46094 | D90: 0 | E90: 0 | F90: 0 | G90: 0 | H90: 0 | I90: 0 | J90: 0 | K90: 0 | L90: 0 | M90: 0 | N90: 0 | O90: 0 | P90: 0 | Q90: 0 | R90: 0 | S90: 0 | T90: 0 | U90: 0 | V90: 0 | W90: 0 | X90: 0 | Y90: 0 | Z90: 0 | AA90: 0 | AB90: =SUM(D90:AA90) | AD90: 0 | AE90: 0 | AF90: 0 | AG90: 0 | AH90: 0 | AI90: 0 | AJ90: 0 | AK90: 0 | AL90: 0 | AM90: 0 | AN90: 0 | AO90: 0 | AP90: 0 | AQ90: 0 | AR90: 0 | AS90: 0 | AT90: 0 | AU90: 0 | AV90: 0 | AW90: 0 | AX90: 0 | AY90: 0 | AZ90: 0 | BA90: 0 | BB90: =SUM(AD90:BA90)
A91: AMD-RTS-RCLS-1302-SSC | B91: Rev OSC | C91: 46095 | D91: 0 | E91: 0 | F91: 0 | G91: 0 | H91: 0 | I91: 0 | J91: 0 | K91: 0 | L91: 0 | M91: 0 | N91: 0 | O91: 0 | P91: 0 | Q91: 0 | R91: 0 | S91: 0 | T91: 0 | U91: 0 | V91: 0 | W91: 0 | X91: 0 | Y91: 0 | Z91: 0 | AA91: 0 | AB91: =SUM(D91:AA91) | AD91: 0 | AE91: 0 | AF91: 0 | AG91: 0 | AH91: 0 | AI91: 0 | AJ91: 0 | AK91: 0 | AL91: 0 | AM91: 0 | AN91: 0 | AO91: 0 | AP91: 0 | AQ91: 0 | AR91: 0 | AS91: 0 | AT91: 0 | AU91: 0 | AV91: 0 | AW91: 0 | AX91: 0 | AY91: 0 | AZ91: 0 | BA91: 0 | BB91: =SUM(AD91:BA91)
A92: AMD-RTS-RCLS-1302-SSC | B92: Rev OSC | C92: 46096 | D92: 0 | E92: 0 | F92: 0 | G92: 0 | H92: 0 | I92: 0 | J92: 0 | K92: 0 | L92: 0 | M92: 0 | N92: 0 | O92: 0 | P92: 0 | Q92: 0 | R92: 0 | S92: 0 | T92: 0 | U92: 0 | V92: 0 | W92: 0 | X92: 0 | Y92: 0 | Z92: 0 | AA92: 0 | AB92: =SUM(D92:AA92) | AD92: 0 | AE92: 0 | AF92: 0 | AG92: 0 | AH92: 0 | AI92: 0 | AJ92: 0 | AK92: 0 | AL92: 0 | AM92: 0 | AN92: 0 | AO92: 0 | AP92: 0 | AQ92: 0 | AR92: 0 | AS92: 0 | AT92: 0 | AU92: 0 | AV92: 0 | AW92: 0 | AX92: 0 | AY92: 0 | AZ92: 0 | BA92: 0 | BB92: =SUM(AD92:BA92)
A93: AMD-RTS-RCLS-1302-SSC | B93: Rev OSC | C93: 46097 | D93: 0 | E93: 0 | F93: 0 | G93: 0 | H93: 0 | I93: 0 | J93: 0 | K93: 0 | L93: 0 | M93: 0 | N93: 0 | O93: 0 | P93: 0 | Q93: 0 | R93: 0 | S93: 0 | T93: 0 | U93: 0 | V93: 0 | W93: 0 | X93: 0 | Y93: 0 | Z93: 0 | AA93: 0 | AB93: =SUM(D93:AA93) | AD93: 0 | AE93: 0 | AF93: 0 | AG93: 0 | AH93: 0 | AI93: 0 | AJ93: 0 | AK93: 0 | AL93: 0 | AM93: 0 | AN93: 0 | AO93: 0 | AP93: 0 | AQ93: 0 | AR93: 0 | AS93: 0 | AT93: 0 | AU93: 0 | AV93: 0 | AW93: 0 | AX93: 0 | AY93: 0 | AZ93: 0 | BA93: 0 | BB93: =SUM(AD93:BA93)
A94: AMD-RTS-RCLS-1302-SSC | B94: Rev OSC | C94: 46100 | D94: 0 | E94: 0 | F94: 0 | G94: 0 | H94: 0 | I94: 0 | J94: 0 | K94: 0 | L94: 0 | M94: 0 | N94: 0 | O94: 0 | P94: 0 | Q94: 0 | R94: 0 | S94: 0 | T94: 0 | U94: 0 | V94: 0 | W94: 0 | X94: 0 | Y94: 0 | Z94: 0 | AA94: 0 | AB94: =SUM(D94:AA94) | AD94: 0 | AE94: 0 | AF94: 0 | AG94: 0 | AH94: 0 | AI94: 0 | AJ94: 0 | AK94: 0 | AL94: 0 | AM94: 0 | AN94: 0 | AO94: 0 | AP94: 0 | AQ94: 0 | AR94: 0 | AS94: 0 | AT94: 0 | AU94: 0 | AV94: 0 | AW94: 0 | AX94: 0 | AY94: 0 | AZ94: 0 | BA94: 0 | BB94: =SUM(AD94:BA94)
A95: AMD-RTS-RCLS-1302-SSC | B95: Rev OSC | C95: 46102 | D95: 0 | E95: 0 | F95: 0 | G95: 0 | H95: 0 | I95: 0 | J95: 0 | K95: 0 | L95: 0 | M95: 0 | N95: 0 | O95: 0 | P95: 0 | Q95: 0 | R95: 0 | S95: 0 | T95: 0 | U95: 0 | V95: 0 | W95: 0 | X95: 0 | Y95: 0 | Z95: 0 | AA95: 0 | AB95: =SUM(D95:AA95) | AD95: 0 | AE95: 0 | AF95: 0 | AG95: 0 | AH95: 0 | AI95: 0 | AJ95: 0 | AK95: 0 | AL95: 0 | AM95: 0 | AN95: 0 | AO95: 0 | AP95: 0 | AQ95: 0 | AR95: 0 | AS95: 0 | AT95: 0 | AU95: 0 | AV95: 0 | AW95: 0 | AX95: 0 | AY95: 0 | AZ95: 0 | BA95: 0 | BB95: =SUM(AD95:BA95)
A96: AMD-RTS-RCLS-1302-SSC | B96: Rev OSC | C96: 46103 | D96: 0 | E96: 0 | F96: 0 | G96: 0 | H96: 0 | I96: 0 | J96: 0 | K96: 0 | L96: 0 | M96: 0 | N96: 0 | O96: 0 | P96: 0 | Q96: 0 | R96: 0 | S96: 0 | T96: 0 | U96: 0 | V96: 0 | W96: 0 | X96: 0 | Y96: 0 | Z96: 0 | AA96: 0 | AB96: =SUM(D96:AA96) | AD96: 0 | AE96: 0 | AF96: 0 | AG96: 0 | AH96: 0 | AI96: 0 | AJ96: 0 | AK96: 0 | AL96: 0 | AM96: 0 | AN96: 0 | AO96: 0 | AP96: 0 | AQ96: 0 | AR96: 0 | AS96: 0 | AT96: 0 | AU96: 0 | AV96: 0 | AW96: 0 | AX96: 0 | AY96: 0 | AZ96: 0 | BA96: 0 | BB96: =SUM(AD96:BA96)
A97: AMD-RTS-RCLS-1302-SSC | B97: Rev OSC | C97: 46104 | D97: 0 | E97: 0 | F97: 0 | G97: 0 | H97: 0 | I97: 0 | J97: 0 | K97: 0 | L97: 0 | M97: 0 | N97: 0 | O97: 0 | P97: 0 | Q97: 0 | R97: 0 | S97: 0 | T97: 0 | U97: 0 | V97: 0 | W97: 0 | X97: 0 | Y97: 0 | Z97: 0 | AA97: 0 | AB97: =SUM(D97:AA97) | AD97: 0 | AE97: 0 | AF97: 0 | AG97: 0 | AH97: 0 | AI97: 0 | AJ97: 0 | AK97: 0 | AL97: 0 | AM97: 0 | AN97: 0 | AO97: 0 | AP97: 0 | AQ97: 0 | AR97: 0 | AS97: 0 | AT97: 0 | AU97: 0 | AV97: 0 | AW97: 0 | AX97: 0 | AY97: 0 | AZ97: 0 | BA97: 0 | BB97: =SUM(AD97:BA97)
... A119: DC-10-1 | B119: DSC Manual | C119: 46097 | D119: 0 | E119: 0 | F119: 0 | G119: 0 | H119: 0 | I119: 0 | J119: 0 | K119: 0 | L119: 0 | M119: 0 | N119: 0 | O119: 0 | P119: 0 | Q119: 0 | R119: 0 | S119: 0 | T119: 0 | U119: 0 | V119: 0 | W119: 0 | X119: 0 | Y119: 0 | Z119: 0 | AA119: 0 | AB119: =SUM(D119:AA119) | AD119: 0 | AE119: 0 | AF119: 0 | AG119: 0 | AH119: 0 | AI119: 0 | AJ119: 0 | AK119: 0 | AL119: 0 | AM119: 0 | AN119: 0 | AO119: 0 | AP119: 0 | AQ119: 0 | AR119: 0 | AS119: 0 | AT119: 0 | AU119: 0 | AV119: 0 | AW119: 0 | AX119: 0 | AY119: 0 | AZ119: 0 | BA119: 0 | BB119: =SUM(AD119:BA119)

Sheet FWD Manual Pre Primary
A1: Layout | B1: Layout Type | C1: Date | D1: Act Vol 12 AM | E1: Act Vol 1 AM | F1: Act Vol 2 AM | G1: Act Vol 3 AM | H1: Act Vol 4 AM | I1: Act Vol 5 AM | J1: Act Vol 6 AM | K1: Act Vol 7 AM | L1: Act Vol 8 AM | M1: Act Vol 9 AM | N1: Act Vol 10 AM | O1: Act Vol 11 AM | P1: Act Vol 12 PM | Q1: Act Vol 1 PM | R1: Act Vol 2 PM | S1: Act Vol 3 PM | T1: Act Vol 4 PM | U1: Act Vol 5 PM | V1: Act Vol 6 PM | W1: Act Vol 7 PM | X1: Act Vol 8 PM | Y1: Act Vol 9 PM | Z1: Act Vol 10 PM | AA1: Act Vol 11 PM | AB1: Act Vol Total | AD1: MH 12 AM | AE1: MH 1 AM | AF1: MH 2 AM | AG1: MH 3 AM | AH1: MH 4 AM | AI1: MH 5 AM | AJ1: MH 6 AM | AK1: MH 7 AM | AL1: MH 8 AM | AM1: MH 9 AM | AN1: MH 10 AM | AO1: MH 11 AM | AP1: MH 12 PM | AQ1: MH 1 PM | AR1: MH 2 PM | AS1: MH 3 PM | AT1: MH 4 PM | AU1: MH 5 PM | AV1: MH 6 PM | AW1: MH 7 PM | AX1: MH 8 PM | AY1: MH 9 PM | AZ1: MH 10 PM | BA1: MH 11 PM | BB1: MH Total
A2: AMD-AIR-NEW-SSC | B2: Forward Regular OSC | C2: 46093 | D2: =Summary!D2*0.08 | E2: =Summary!E2*0.08 | F2: =Summary!F2*0.08 | G2: =Summary!G2*0.08 | H2: =Summary!H2*0.08 | I2: =Summary!I2*0.08 | J2: =Summary!J2*0.08 | K2: =Summary!K2*0.08 | ... AA2: =Summary!AA2*0.08 | AB2: =SUM(D2:AA2) | AD2: =E2*0.0010369917+D2*0.0002073983 | AE2: =F2*0.0010369917+E2*0.0002073983 | AF2: =G2*0.0010369917+F2*0.0002073983 | AG2: =H2*0.0010369917+G2*0.0002073983 | AH2: =I2*0.0010369917+H2*0.0002073983 | AI2: =J2*0.0010369917+I2*0.0002073983 | AJ2: =K2*0.0010369917+J2*0.0002073983 | AK2: =L2*0.0010369917+K2*0.0002073983 | ... AZ2: =AA2*0.0010369917+Z2*0.0002073983 | BA2: =D2*0.0010369917+AA2*0.0002073983 | BB2: =SUM(AD2:BA2)
A3: AMD-AIR-NEW-SSC | B3: Forward Regular OSC | C3: 46094 | D3: =Summary!D3*0.08 | E3: =Summary!E3*0.08 | F3: =Summary!F3*0.08 | G3: =Summary!G3*0.08 | H3: =Summary!H3*0.08 | I3: =Summary!I3*0.08 | J3: =Summary!J3*0.08 | K3: =Summary!K3*0.08 | ... AA3: =Summary!AA3*0.08 | AB3: =SUM(D3:AA3) | AD3: =E3*0.0010369917+D3*0.0002073983 | AE3: =F3*0.0010369917+E3*0.0002073983 | AF3: =G3*0.0010369917+F3*0.0002073983 | AG3: =H3*0.0010369917+G3*0.0002073983 | AH3: =I3*0.0010369917+H3*0.0002073983 | AI3: =J3*0.0010369917+I3*0.0002073983 | AJ3: =K3*0.0010369917+J3*0.0002073983 | AK3: =L3*0.0010369917+K3*0.0002073983 | ... AZ3: =AA3*0.0010369917+Z3*0.0002073983 | BA3: =D3*0.0010369917+AA3*0.0002073983 | BB3: =SUM(AD3:BA3)
A4: AMD-AIR-NEW-SSC | B4: Forward Regular OSC | C4: 46096 | D4: =Summary!D4*0.08 | E4: =Summary!E4*0.08 | F4: =Summary!F4*0.08 | G4: =Summary!G4*0.08 | H4: =Summary!H4*0.08 | I4: =Summary!I4*0.08 | J4: =Summary!J4*0.08 | K4: =Summary!K4*0.08 | ... AA4: =Summary!AA4*0.08 | AB4: =SUM(D4:AA4) | AD4: =E4*0.0010369917+D4*0.0002073983 | AE4: =F4*0.0010369917+E4*0.0002073983 | AF4: =G4*0.0010369917+F4*0.0002073983 | AG4: =H4*0.0010369917+G4*0.0002073983 | AH4: =I4*0.0010369917+H4*0.0002073983 | AI4: =J4*0.0010369917+I4*0.0002073983 | AJ4: =K4*0.0010369917+J4*0.0002073983 | AK4: =L4*0.0010369917+K4*0.0002073983 | ... AZ4: =AA4*0.0010369917+Z4*0.0002073983 | BA4: =D4*0.0010369917+AA4*0.0002073983 | BB4: =SUM(AD4:BA4)
A5: AMD-AIR-NEW-SSC | B5: Forward Regular OSC | C5: 46097 | D5: =Summary!D5*0.08 | E5: =Summary!E5*0.08 | F5: =Summary!F5*0.08 | G5: =Summary!G5*0.08 | H5: =Summary!H5*0.08 | I5: =Summary!I5*0.08 | J5: =Summary!J5*0.08 | K5: =Summary!K5*0.08 | ... AA5: =Summary!AA5*0.08 | AB5: =SUM(D5:AA5) | AD5: =E5*0.0010369917+D5*0.0002073983 | AE5: =F5*0.0010369917+E5*0.0002073983 | AF5: =G5*0.0010369917+F5*0.0002073983 | AG5: =H5*0.0010369917+G5*0.0002073983 | AH5: =I5*0.0010369917+H5*0.0002073983 | AI5: =J5*0.0010369917+I5*0.0002073983 | AJ5: =K5*0.0010369917+J5*0.0002073983 | AK5: =L5*0.0010369917+K5*0.0002073983 | ... AZ5: =AA5*0.0010369917+Z5*0.0002073983 | BA5: =D5*0.0010369917+AA5*0.0002073983 | BB5: =SUM(AD5:BA5)
A6: AMD-AIR-NEW-SSC | B6: Forward Regular OSC | C6: 46100 | D6: =Summary!D6*0.08 | E6: =Summary!E6*0.08 | F6: =Summary!F6*0.08 | G6: =Summary!G6*0.08 | H6: =Summary!H6*0.08 | I6: =Summary!I6*0.08 | J6: =Summary!J6*0.08 | K6: =Summary!K6*0.08 | ... AA6: =Summary!AA6*0.08 | AB6: =SUM(D6:AA6) | AD6: =E6*0.0010369917+D6*0.0002073983 | AE6: =F6*0.0010369917+E6*0.0002073983 | AF6: =G6*0.0010369917+F6*0.0002073983 | AG6: =H6*0.0010369917+G6*0.0002073983 | AH6: =I6*0.0010369917+H6*0.0002073983 | AI6: =J6*0.0010369917+I6*0.0002073983 | AJ6: =K6*0.0010369917+J6*0.0002073983 | AK6: =L6*0.0010369917+K6*0.0002073983 | ... AZ6: =AA6*0.0010369917+Z6*0.0002073983 | BA6: =D6*0.0010369917+AA6*0.0002073983 | BB6: =SUM(AD6:BA6)
A7: AMD-AIR-NEW-SSC | B7: Forward Regular OSC | C7: 46101 | D7: =Summary!D7*0.08 | E7: =Summary!E7*0.08 | F7: =Summary!F7*0.08 | G7: =Summary!G7*0.08 | H7: =Summary!H7*0.08 | I7: =Summary!I7*0.08 | J7: =Summary!J7*0.08 | K7: =Summary!K7*0.08 | ... AA7: =Summary!AA7*0.08 | AB7: =SUM(D7:AA7) | AD7: =E7*0.0010369917+D7*0.0002073983 | AE7: =F7*0.0010369917+E7*0.0002073983 | AF7: =G7*0.0010369917+F7*0.0002073983 | AG7: =H7*0.0010369917+G7*0.0002073983 | AH7: =I7*0.0010369917+H7*0.0002073983 | AI7: =J7*0.0010369917+I7*0.0002073983 | AJ7: =K7*0.0010369917+J7*0.0002073983 | AK7: =L7*0.0010369917+K7*0.0002073983 | ... AZ7: =AA7*0.0010369917+Z7*0.0002073983 | BA7: =D7*0.0010369917+AA7*0.0002073983 | BB7: =SUM(AD7:BA7)
A8: AMD-AIR-NEW-SSC | B8: Forward Regular OSC | C8: 46102 | D8: =Summary!D8*0.08 | E8: =Summary!E8*0.08 | F8: =Summary!F8*0.08 | G8: =Summary!G8*0.08 | H8: =Summary!H8*0.08 | I8: =Summary!I8*0.08 | J8: =Summary!J8*0.08 | K8: =Summary!K8*0.08 | ... AA8: =Summary!AA8*0.08 | AB8: =SUM(D8:AA8) | AD8: =E8*0.0010369917+D8*0.0002073983 | AE8: =F8*0.0010369917+E8*0.0002073983 | AF8: =G8*0.0010369917+F8*0.0002073983 | AG8: =H8*0.0010369917+G8*0.0002073983 | AH8: =I8*0.0010369917+H8*0.0002073983 | AI8: =J8*0.0010369917+I8*0.0002073983 | AJ8: =K8*0.0010369917+J8*0.0002073983 | AK8: =L8*0.0010369917+K8*0.0002073983 | ... AZ8: =AA8*0.0010369917+Z8*0.0002073983 | BA8: =D8*0.0010369917+AA8*0.0002073983 | BB8: =SUM(AD8:BA8)
A9: AMD-AIR-NEW-SSC | B9: Forward Regular OSC | C9: 46103 | D9: =Summary!D9*0.08 | E9: =Summary!E9*0.08 | F9: =Summary!F9*0.08 | G9: =Summary!G9*0.08 | H9: =Summary!H9*0.08 | I9: =Summary!I9*0.08 | J9: =Summary!J9*0.08 | K9: =Summary!K9*0.08 | ... AA9: =Summary!AA9*0.08 | AB9: =SUM(D9:AA9) | AD9: =E9*0.0010369917+D9*0.0002073983 | AE9: =F9*0.0010369917+E9*0.0002073983 | AF9: =G9*0.0010369917+F9*0.0002073983 | AG9: =H9*0.0010369917+G9*0.0002073983 | AH9: =I9*0.0010369917+H9*0.0002073983 | AI9: =J9*0.0010369917+I9*0.0002073983 | AJ9: =K9*0.0010369917+J9*0.0002073983 | AK9: =L9*0.0010369917+K9*0.0002073983 | ... AZ9: =AA9*0.0010369917+Z9*0.0002073983 | BA9: =D9*0.0010369917+AA9*0.0002073983 | BB9: =SUM(AD9:BA9)
A10: AMD-AIR-NEW-SSC | B10: Forward Regular OSC | C10: 46104 | D10: =Summary!D10*0.08 | E10: =Summary!E10*0.08 | F10: =Summary!F10*0.08 | G10: =Summary!G10*0.08 | H10: =Summary!H10*0.08 | I10: =Summary!I10*0.08 | J10: =Summary!J10*0.08 | K10: =Summary!K10*0.08 | ... AA10: =Summary!AA10*0.08 | AB10: =SUM(D10:AA10) | AD10: =E10*0.0010369917+D10*0.0002073983 | AE10: =F10*0.0010369917+E10*0.0002073983 | AF10: =G10*0.0010369917+F10*0.0002073983 | AG10: =H10*0.0010369917+G10*0.0002073983 | AH10: =I10*0.0010369917+H10*0.0002073983 | AI10: =J10*0.0010369917+I10*0.0002073983 | AJ10: =K10*0.0010369917+J10*0.0002073983 | AK10: =L10*0.0010369917+K10*0.0002073983 | ... AZ10: =AA10*0.0010369917+Z10*0.0002073983 | BA10: =D10*0.0010369917+AA10*0.0002073983 | BB10: =SUM(AD10:BA10)
A11: AMD-EXPR | B11: DSC Manual | C11: 46089 | D11: 0 | E11: 0 | F11: 0 | G11: 0 | H11: 0 | I11: 0 | J11: 0 | K11: 0 | L11: 0 | M11: 0 | N11: 0 | O11: 0 | P11: 0 | Q11: 0 | R11: 0 | S11: 0 | T11: 0 | U11: 0 | V11: 0 | W11: 0 | X11: 0 | Y11: 0 | Z11: 0 | AA11: 0 | AB11: =SUM(D11:AA11) | AD11: 0 | AE11: 0 | AF11: 0 | AG11: 0 | AH11: 0 | AI11: 0 | AJ11: 0 | AK11: 0 | AL11: 0 | AM11: 0 | AN11: 0 | AO11: 0 | AP11: 0 | AQ11: 0 | AR11: 0 | AS11: 0 | AT11: 0 | AU11: 0 | AV11: 0 | AW11: 0 | AX11: 0 | AY11: 0 | AZ11: 0 | BA11: 0 | BB11: =SUM(AD11:BA11)
A12: AMD-EXPR | B12: DSC Manual | C12: 46090 | D12: 0 | E12: 0 | F12: 0 | G12: 0 | H12: 0 | I12: 0 | J12: 0 | K12: 0 | L12: 0 | M12: 0 | N12: 0 | O12: 0 | P12: 0 | Q12: 0 | R12: 0 | S12: 0 | T12: 0 | U12: 0 | V12: 0 | W12: 0 | X12: 0 | Y12: 0 | Z12: 0 | AA12: 0 | AB12: =SUM(D12:AA12) | AD12: 0 | AE12: 0 | AF12: 0 | AG12: 0 | AH12: 0 | AI12: 0 | AJ12: 0 | AK12: 0 | AL12: 0 | AM12: 0 | AN12: 0 | AO12: 0 | AP12: 0 | AQ12: 0 | AR12: 0 | AS12: 0 | AT12: 0 | AU12: 0 | AV12: 0 | AW12: 0 | AX12: 0 | AY12: 0 | AZ12: 0 | BA12: 0 | BB12: =SUM(AD12:BA12)
A13: AMD-EXPR | B13: DSC Manual | C13: 46091 | D13: 0 | E13: 0 | F13: 0 | G13: 0 | H13: 0 | I13: 0 | J13: 0 | K13: 0 | L13: 0 | M13: 0 | N13: 0 | O13: 0 | P13: 0 | Q13: 0 | R13: 0 | S13: 0 | T13: 0 | U13: 0 | V13: 0 | W13: 0 | X13: 0 | Y13: 0 | Z13: 0 | AA13: 0 | AB13: =SUM(D13:AA13) | AD13: 0 | AE13: 0 | AF13: 0 | AG13: 0 | AH13: 0 | AI13: 0 | AJ13: 0 | AK13: 0 | AL13: 0 | AM13: 0 | AN13: 0 | AO13: 0 | AP13: 0 | AQ13: 0 | AR13: 0 | AS13: 0 | AT13: 0 | AU13: 0 | AV13: 0 | AW13: 0 | AX13: 0 | AY13: 0 | AZ13: 0 | BA13: 0 | BB13: =SUM(AD13:BA13)
A14: AMD-EXPR | B14: DSC Manual | C14: 46092 | D14: 0 | E14: 0 | F14: 0 | G14: 0 | H14: 0 | I14: 0 | J14: 0 | K14: 0 | L14: 0 | M14: 0 | N14: 0 | O14: 0 | P14: 0 | Q14: 0 | R14: 0 | S14: 0 | T14: 0 | U14: 0 | V14: 0 | W14: 0 | X14: 0 | Y14: 0 | Z14: 0 | AA14: 0 | AB14: =SUM(D14:AA14) | AD14: 0 | AE14: 0 | AF14: 0 | AG14: 0 | AH14: 0 | AI14: 0 | AJ14: 0 | AK14: 0 | AL14: 0 | AM14: 0 | AN14: 0 | AO14: 0 | AP14: 0 | AQ14: 0 | AR14: 0 | AS14: 0 | AT14: 0 | AU14: 0 | AV14: 0 | AW14: 0 | AX14: 0 | AY14: 0 | AZ14: 0 | BA14: 0 | BB14: =SUM(AD14:BA14)
A15: AMD-EXPR | B15: DSC Manual | C15: 46093 | D15: 0 | E15: 0 | F15: 0 | G15: 0 | H15: 0 | I15: 0 | J15: 0 | K15: 0 | L15: 0 | M15: 0 | N15: 0 | O15: 0 | P15: 0 | Q15: 0 | R15: 0 | S15: 0 | T15: 0 | U15: 0 | V15: 0 | W15: 0 | X15: 0 | Y15: 0 | Z15: 0 | AA15: 0 | AB15: =SUM(D15:AA15) | AD15: 0 | AE15: 0 | AF15: 0 | AG15: 0 | AH15: 0 | AI15: 0 | AJ15: 0 | AK15: 0 | AL15: 0 | AM15: 0 | AN15: 0 | AO15: 0 | AP15: 0 | AQ15: 0 | AR15: 0 | AS15: 0 | AT15: 0 | AU15: 0 | AV15: 0 | AW15: 0 | AX15: 0 | AY15: 0 | AZ15: 0 | BA15: 0 | BB15: =SUM(AD15:BA15)
A16: AMD-EXPR | B16: DSC Manual | C16: 46094 | D16: 0 | E16: 0 | F16: 0 | G16: 0 | H16: 0 | I16: 0 | J16: 0 | K16: 0 | L16: 0 | M16: 0 | N16: 0 | O16: 0 | P16: 0 | Q16: 0 | R16: 0 | S16: 0 | T16: 0 | U16: 0 | V16: 0 | W16: 0 | X16: 0 | Y16: 0 | Z16: 0 | AA16: 0 | AB16: =SUM(D16:AA16) | AD16: 0 | AE16: 0 | AF16: 0 | AG16: 0 | AH16: 0 | AI16: 0 | AJ16: 0 | AK16: 0 | AL16: 0 | AM16: 0 | AN16: 0 | AO16: 0 | AP16: 0 | AQ16: 0 | AR16: 0 | AS16: 0 | AT16: 0 | AU16: 0 | AV16: 0 | AW16: 0 | AX16: 0 | AY16: 0 | AZ16: 0 | BA16: 0 | BB16: =SUM(AD16:BA16)
A17: AMD-EXPR | B17: DSC Manual | C17: 46095 | D17: 0 | E17: 0 | F17: 0 | G17: 0 | H17: 0 | I17: 0 | J17: 0 | K17: 0 | L17: 0 | M17: 0 | N17: 0 | O17: 0 | P17: 0 | Q17: 0 | R17: 0 | S17: 0 | T17: 0 | U17: 0 | V17: 0 | W17: 0 | X17: 0 | Y17: 0 | Z17: 0 | AA17: 0 | AB17: =SUM(D17:AA17) | AD17: 0 | AE17: 0 | AF17: 0 | AG17: 0 | AH17: 0 | AI17: 0 | AJ17: 0 | AK17: 0 | AL17: 0 | AM17: 0 | AN17: 0 | AO17: 0 | AP17: 0 | AQ17: 0 | AR17: 0 | AS17: 0 | AT17: 0 | AU17: 0 | AV17: 0 | AW17: 0 | AX17: 0 | AY17: 0 | AZ17: 0 | BA17: 0 | BB17: =SUM(AD17:BA17)
A18: AMD-EXPR | B18: DSC Manual | C18: 46096 | D18: 0 | E18: 0 | F18: 0 | G18: 0 | H18: 0 | I18: 0 | J18: 0 | K18: 0 | L18: 0 | M18: 0 | N18: 0 | O18: 0 | P18: 0 | Q18: 0 | R18: 0 | S18: 0 | T18: 0 | U18: 0 | V18: 0 | W18: 0 | X18: 0 | Y18: 0 | Z18: 0 | AA18: 0 | AB18: =SUM(D18:AA18) | AD18: 0 | AE18: 0 | AF18: 0 | AG18: 0 | AH18: 0 | AI18: 0 | AJ18: 0 | AK18: 0 | AL18: 0 | AM18: 0 | AN18: 0 | AO18: 0 | AP18: 0 | AQ18: 0 | AR18: 0 | AS18: 0 | AT18: 0 | AU18: 0 | AV18: 0 | AW18: 0 | AX18: 0 | AY18: 0 | AZ18: 0 | BA18: 0 | BB18: =SUM(AD18:BA18)
A19: AMD-EXPR | B19: DSC Manual | C19: 46097 | D19: 0 | E19: 0 | F19: 0 | G19: 0 | H19: 0 | I19: 0 | J19: 0 | K19: 0 | L19: 0 | M19: 0 | N19: 0 | O19: 0 | P19: 0 | Q19: 0 | R19: 0 | S19: 0 | T19: 0 | U19: 0 | V19: 0 | W19: 0 | X19: 0 | Y19: 0 | Z19: 0 | AA19: 0 | AB19: =SUM(D19:AA19) | AD19: 0 | AE19: 0 | AF19: 0 | AG19: 0 | AH19: 0 | AI19: 0 | AJ19: 0 | AK19: 0 | AL19: 0 | AM19: 0 | AN19: 0 | AO19: 0 | AP19: 0 | AQ19: 0 | AR19: 0 | AS19: 0 | AT19: 0 | AU19: 0 | AV19: 0 | AW19: 0 | AX19: 0 | AY19: 0 | AZ19: 0 | BA19: 0 | BB19: =SUM(AD19:BA19)
A20: AMD-EXPR | B20: DSC Manual | C20: 46099 | D20: 0 | E20: 0 | F20: 0 | G20: 0 | H20: 0 | I20: 0 | J20: 0 | K20: 0 | L20: 0 | M20: 0 | N20: 0 | O20: 0 | P20: 0 | Q20: 0 | R20: 0 | S20: 0 | T20: 0 | U20: 0 | V20: 0 | W20: 0 | X20: 0 | Y20: 0 | Z20: 0 | AA20: 0 | AB20: =SUM(D20:AA20) | AD20: 0 | AE20: 0 | AF20: 0 | AG20: 0 | AH20: 0 | AI20: 0 | AJ20: 0 | AK20: 0 | AL20: 0 | AM20: 0 | AN20: 0 | AO20: 0 | AP20: 0 | AQ20: 0 | AR20: 0 | AS20: 0 | AT20: 0 | AU20: 0 | AV20: 0 | AW20: 0 | AX20: 0 | AY20: 0 | AZ20: 0 | BA20: 0 | BB20: =SUM(AD20:BA20)
A21: AMD-EXPR | B21: DSC Manual | C21: 46100 | D21: 0 | E21: 0 | F21: 0 | G21: 0 | H21: 0 | I21: 0 | J21: 0 | K21: 0 | L21: 0 | M21: 0 | N21: 0 | O21: 0 | P21: 0 | Q21: 0 | R21: 0 | S21: 0 | T21: 0 | U21: 0 | V21: 0 | W21: 0 | X21: 0 | Y21: 0 | Z21: 0 | AA21: 0 | AB21: =SUM(D21:AA21) | AD21: 0 | AE21: 0 | AF21: 0 | AG21: 0 | AH21: 0 | AI21: 0 | AJ21: 0 | AK21: 0 | AL21: 0 | AM21: 0 | AN21: 0 | AO21: 0 | AP21: 0 | AQ21: 0 | AR21: 0 | AS21: 0 | AT21: 0 | AU21: 0 | AV21: 0 | AW21: 0 | AX21: 0 | AY21: 0 | AZ21: 0 | BA21: 0 | BB21: =SUM(AD21:BA21)
A22: AMD-EXPR | B22: DSC Manual | C22: 46102 | D22: 0 | E22: 0 | F22: 0 | G22: 0 | H22: 0 | I22: 0 | J22: 0 | K22: 0 | L22: 0 | M22: 0 | N22: 0 | O22: 0 | P22: 0 | Q22: 0 | R22: 0 | S22: 0 | T22: 0 | U22: 0 | V22: 0 | W22: 0 | X22: 0 | Y22: 0 | Z22: 0 | AA22: 0 | AB22: =SUM(D22:AA22) | AD22: 0 | AE22: 0 | AF22: 0 | AG22: 0 | AH22: 0 | AI22: 0 | AJ22: 0 | AK22: 0 | AL22: 0 | AM22: 0 | AN22: 0 | AO22: 0 | AP22: 0 | AQ22: 0 | AR22: 0 | AS22: 0 | AT22: 0 | AU22: 0 | AV22: 0 | AW22: 0 | AX22: 0 | AY22: 0 | AZ22: 0 | BA22: 0 | BB22: =SUM(AD22:BA22)
... A42: AMD-FK-SSC | B42: Prime at Client side | C42: 46105 | D42: 0 | E42: 0 | F42: 0 | G42: 0 | H42: 0 | I42: 0 | J42: 0 | K42: 0 | L42: 0 | M42: 0 | N42: 0 | O42: 0 | P42: 0 | Q42: 0 | R42: 0 | S42: 0 | T42: 0 | U42: 0 | V42: 0 | W42: 0 | X42: 0 | Y42: 0 | Z42: 0 | AA42: 0 | AB42: =SUM(D42:AA42) | AD42: 0 | AE42: 0 | AF42: 0 | AG42: 0 | AH42: 0 | AI42: 0 | AJ42: 0 | AK42: 0 | AL42: 0 | AM42: 0 | AN42: 0 | AO42: 0 | AP42: 0 | AQ42: 0 | AR42: 0 | AS42: 0 | AT42: 0 | AU42: 0 | AV42: 0 | AW42: 0 | AX42: 0 | AY42: 0 | AZ42: 0 | BA42: 0 | BB42: =SUM(AD42:BA42)
A43: AMD-FWDPRI-SSC | B43: FWD Priority OSC | C43: 46098 | D43: =Summary!D43*0.15 | E43: =Summary!E43*0.15 | F43: =Summary!F43*0.15 | G43: =Summary!G43*0.15 | H43: =Summary!H43*0.15 | I43: =Summary!I43*0.15 | J43: =Summary!J43*0.15 | K43: =Summary!K43*0.15 | ... AA43: =Summary!AA43*0.15 | AB43: =SUM(D43:AA43) | AD43: =E43*0.0010369917+D43*0.0002073983 | AE43: =F43*0.0010369917+E43*0.0002073983 | AF43: =G43*0.0010369917+F43*0.0002073983 | AG43: =H43*0.0010369917+G43*0.0002073983 | AH43: =I43*0.0010369917+H43*0.0002073983 | AI43: =J43*0.0010369917+I43*0.0002073983 | AJ43: =K43*0.0010369917+J43*0.0002073983 | AK43: =L43*0.0010369917+K43*0.0002073983 | ... AZ43: =AA43*0.0010369917+Z43*0.0002073983 | BA43: =D43*0.0010369917+AA43*0.0002073983 | BB43: =SUM(AD43:BA43)
A44: AMD-FWDPRI-SSC | B44: FWD Priority OSC | C44: 46099 | D44: =Summary!D44*0.15 | E44: =Summary!E44*0.15 | F44: =Summary!F44*0.15 | G44: =Summary!G44*0.15 | H44: =Summary!H44*0.15 | I44: =Summary!I44*0.15 | J44: =Summary!J44*0.15 | K44: =Summary!K44*0.15 | ... AA44: =Summary!AA44*0.15 | AB44: =SUM(D44:AA44) | AD44: =E44*0.0010369917+D44*0.0002073983 | AE44: =F44*0.0010369917+E44*0.0002073983 | AF44: =G44*0.0010369917+F44*0.0002073983 | AG44: =H44*0.0010369917+G44*0.0002073983 | AH44: =I44*0.0010369917+H44*0.0002073983 | AI44: =J44*0.0010369917+I44*0.0002073983 | AJ44: =K44*0.0010369917+J44*0.0002073983 | AK44: =L44*0.0010369917+K44*0.0002073983 | ... AZ44: =AA44*0.0010369917+Z44*0.0002073983 | BA44: =D44*0.0010369917+AA44*0.0002073983 | BB44: =SUM(AD44:BA44)
A45: AMD-FWDPRI-SSC | B45: FWD Priority OSC | C45: 46100 | D45: =Summary!D45*0.15 | E45: =Summary!E45*0.15 | F45: =Summary!F45*0.15 | G45: =Summary!G45*0.15 | H45: =Summary!H45*0.15 | I45: =Summary!I45*0.15 | J45: =Summary!J45*0.15 | K45: =Summary!K45*0.15 | ... AA45: =Summary!AA45*0.15 | AB45: =SUM(D45:AA45) | AD45: =E45*0.0010369917+D45*0.0002073983 | AE45: =F45*0.0010369917+E45*0.0002073983 | AF45: =G45*0.0010369917+F45*0.0002073983 | AG45: =H45*0.0010369917+G45*0.0002073983 | AH45: =I45*0.0010369917+H45*0.0002073983 | AI45: =J45*0.0010369917+I45*0.0002073983 | AJ45: =K45*0.0010369917+J45*0.0002073983 | AK45: =L45*0.0010369917+K45*0.0002073983 | ... AZ45: =AA45*0.0010369917+Z45*0.0002073983 | BA45: =D45*0.0010369917+AA45*0.0002073983 | BB45: =SUM(AD45:BA45)
A46: AMD-FWDPRI-SSC | B46: FWD Priority OSC | C46: 46101 | D46: =Summary!D46*0.15 | E46: =Summary!E46*0.15 | F46: =Summary!F46*0.15 | G46: =Summary!G46*0.15 | H46: =Summary!H46*0.15 | I46: =Summary!I46*0.15 | J46: =Summary!J46*0.15 | K46: =Summary!K46*0.15 | ... AA46: =Summary!AA46*0.15 | AB46: =SUM(D46:AA46) | AD46: =E46*0.0010369917+D46*0.0002073983 | AE46: =F46*0.0010369917+E46*0.0002073983 | AF46: =G46*0.0010369917+F46*0.0002073983 | AG46: =H46*0.0010369917+G46*0.0002073983 | AH46: =I46*0.0010369917+H46*0.0002073983 | AI46: =J46*0.0010369917+I46*0.0002073983 | AJ46: =K46*0.0010369917+J46*0.0002073983 | AK46: =L46*0.0010369917+K46*0.0002073983 | ... AZ46: =AA46*0.0010369917+Z46*0.0002073983 | BA46: =D46*0.0010369917+AA46*0.0002073983 | BB46: =SUM(AD46:BA46)
A47: AMD-FWDPRI-SSC | B47: FWD Priority OSC | C47: 46102 | D47: =Summary!D47*0.15 | E47: =Summary!E47*0.15 | F47: =Summary!F47*0.15 | G47: =Summary!G47*0.15 | H47: =Summary!H47*0.15 | I47: =Summary!I47*0.15 | J47: =Summary!J47*0.15 | K47: =Summary!K47*0.15 | ... AA47: =Summary!AA47*0.15 | AB47: =SUM(D47:AA47) | AD47: =E47*0.0010369917+D47*0.0002073983 | AE47: =F47*0.0010369917+E47*0.0002073983 | AF47: =G47*0.0010369917+F47*0.0002073983 | AG47: =H47*0.0010369917+G47*0.0002073983 | AH47: =I47*0.0010369917+H47*0.0002073983 | AI47: =J47*0.0010369917+I47*0.0002073983 | AJ47: =K47*0.0010369917+J47*0.0002073983 | AK47: =L47*0.0010369917+K47*0.0002073983 | ... AZ47: =AA47*0.0010369917+Z47*0.0002073983 | BA47: =D47*0.0010369917+AA47*0.0002073983 | BB47: =SUM(AD47:BA47)
A48: AMD-FWDPRI-SSC | B48: FWD Priority OSC | C48: 46103 | D48: =Summary!D48*0.15 | E48: =Summary!E48*0.15 | F48: =Summary!F48*0.15 | G48: =Summary!G48*0.15 | H48: =Summary!H48*0.15 | I48: =Summary!I48*0.15 | J48: =Summary!J48*0.15 | K48: =Summary!K48*0.15 | ... AA48: =Summary!AA48*0.15 | AB48: =SUM(D48:AA48) | AD48: =E48*0.0010369917+D48*0.0002073983 | AE48: =F48*0.0010369917+E48*0.0002073983 | AF48: =G48*0.0010369917+F48*0.0002073983 | AG48: =H48*0.0010369917+G48*0.0002073983 | AH48: =I48*0.0010369917+H48*0.0002073983 | AI48: =J48*0.0010369917+I48*0.0002073983 | AJ48: =K48*0.0010369917+J48*0.0002073983 | AK48: =L48*0.0010369917+K48*0.0002073983 | ... AZ48: =AA48*0.0010369917+Z48*0.0002073983 | BA48: =D48*0.0010369917+AA48*0.0002073983 | BB48: =SUM(AD48:BA48)
A49: AMD-FWDPRI-SSC | B49: FWD Priority OSC | C49: 46104 | D49: =Summary!D49*0.15 | E49: =Summary!E49*0.15 | F49: =Summary!F49*0.15 | G49: =Summary!G49*0.15 | H49: =Summary!H49*0.15 | I49: =Summary!I49*0.15 | J49: =Summary!J49*0.15 | K49: =Summary!K49*0.15 | ... AA49: =Summary!AA49*0.15 | AB49: =SUM(D49:AA49) | AD49: =E49*0.0010369917+D49*0.0002073983 | AE49: =F49*0.0010369917+E49*0.0002073983 | AF49: =G49*0.0010369917+F49*0.0002073983 | AG49: =H49*0.0010369917+G49*0.0002073983 | AH49: =I49*0.0010369917+H49*0.0002073983 | AI49: =J49*0.0010369917+I49*0.0002073983 | AJ49: =K49*0.0010369917+J49*0.0002073983 | AK49: =L49*0.0010369917+K49*0.0002073983 | ... AZ49: =AA49*0.0010369917+Z49*0.0002073983 | BA49: =D49*0.0010369917+AA49*0.0002073983 | BB49: =SUM(AD49:BA49)
A50: AMD-FWDPRI-SSC | B50: FWD Priority OSC | C50: 46105 | D50: =Summary!D50*0.15 | E50: =Summary!E50*0.15 | F50: =Summary!F50*0.15 | G50: =Summary!G50*0.15 | H50: =Summary!H50*0.15 | I50: =Summary!I50*0.15 | J50: =Summary!J50*0.15 | K50: =Summary!K50*0.15 | ... AA50: =Summary!AA50*0.15 | AB50: =SUM(D50:AA50) | AD50: =E50*0.0010369917+D50*0.0002073983 | AE50: =F50*0.0010369917+E50*0.0002073983 | AF50: =G50*0.0010369917+F50*0.0002073983 | AG50: =H50*0.0010369917+G50*0.0002073983 | AH50: =I50*0.0010369917+H50*0.0002073983 | AI50: =J50*0.0010369917+I50*0.0002073983 | AJ50: =K50*0.0010369917+J50*0.0002073983 | AK50: =L50*0.0010369917+K50*0.0002073983 | ... AZ50: =AA50*0.0010369917+Z50*0.0002073983 | BA50: =D50*0.0010369917+AA50*0.0002073983 | BB50: =SUM(AD50:BA50)
A51: AMD-FWDREG-SSC | B51: Forward Regular OSC | C51: 46098 | D51: =Summary!D51*0.08 | E51: =Summary!E51*0.08 | F51: =Summary!F51*0.08 | G51: =Summary!G51*0.08 | H51: =Summary!H51*0.08 | I51: =Summary!I51*0.08 | J51: =Summary!J51*0.08 | K51: =Summary!K51*0.08 | ... AA51: =Summary!AA51*0.08 | AB51: =SUM(D51:AA51) | AD51: =E51*0.0010369917+D51*0.0002073983 | AE51: =F51*0.0010369917+E51*0.0002073983 | AF51: =G51*0.0010369917+F51*0.0002073983 | AG51: =H51*0.0010369917+G51*0.0002073983 | AH51: =I51*0.0010369917+H51*0.0002073983 | AI51: =J51*0.0010369917+I51*0.0002073983 | AJ51: =K51*0.0010369917+J51*0.0002073983 | AK51: =L51*0.0010369917+K51*0.0002073983 | ... AZ51: =AA51*0.0010369917+Z51*0.0002073983 | BA51: =D51*0.0010369917+AA51*0.0002073983 | BB51: =SUM(AD51:BA51)
A52: AMD-FWDREG-SSC | B52: Forward Regular OSC | C52: 46099 | D52: =Summary!D52*0.08 | E52: =Summary!E52*0.08 | F52: =Summary!F52*0.08 | G52: =Summary!G52*0.08 | H52: =Summary!H52*0.08 | I52: =Summary!I52*0.08 | J52: =Summary!J52*0.08 | K52: =Summary!K52*0.08 | ... AA52: =Summary!AA52*0.08 | AB52: =SUM(D52:AA52) | AD52: =E52*0.0010369917+D52*0.0002073983 | AE52: =F52*0.0010369917+E52*0.0002073983 | AF52: =G52*0.0010369917+F52*0.0002073983 | AG52: =H52*0.0010369917+G52*0.0002073983 | AH52: =I52*0.0010369917+H52*0.0002073983 | AI52: =J52*0.0010369917+I52*0.0002073983 | AJ52: =K52*0.0010369917+J52*0.0002073983 | AK52: =L52*0.0010369917+K52*0.0002073983 | ... AZ52: =AA52*0.0010369917+Z52*0.0002073983 | BA52: =D52*0.0010369917+AA52*0.0002073983 | BB52: =SUM(AD52:BA52)
A53: AMD-FWDREG-SSC | B53: Forward Regular OSC | C53: 46100 | D53: =Summary!D53*0.08 | E53: =Summary!E53*0.08 | F53: =Summary!F53*0.08 | G53: =Summary!G53*0.08 | H53: =Summary!H53*0.08 | I53: =Summary!I53*0.08 | J53: =Summary!J53*0.08 | K53: =Summary!K53*0.08 | ... AA53: =Summary!AA53*0.08 | AB53: =SUM(D53:AA53) | AD53: =E53*0.0010369917+D53*0.0002073983 | AE53: =F53*0.0010369917+E53*0.0002073983 | AF53: =G53*0.0010369917+F53*0.0002073983 | AG53: =H53*0.0010369917+G53*0.0002073983 | AH53: =I53*0.0010369917+H53*0.0002073983 | AI53: =J53*0.0010369917+I53*0.0002073983 | AJ53: =K53*0.0010369917+J53*0.0002073983 | AK53: =L53*0.0010369917+K53*0.0002073983 | ... AZ53: =AA53*0.0010369917+Z53*0.0002073983 | BA53: =D53*0.0010369917+AA53*0.0002073983 | BB53: =SUM(AD53:BA53)
A54: AMD-FWDREG-SSC | B54: Forward Regular OSC | C54: 46101 | D54: =Summary!D54*0.08 | E54: =Summary!E54*0.08 | F54: =Summary!F54*0.08 | G54: =Summary!G54*0.08 | H54: =Summary!H54*0.08 | I54: =Summary!I54*0.08 | J54: =Summary!J54*0.08 | K54: =Summary!K54*0.08 | ... AA54: =Summary!AA54*0.08 | AB54: =SUM(D54:AA54) | AD54: =E54*0.0010369917+D54*0.0002073983 | AE54: =F54*0.0010369917+E54*0.0002073983 | AF54: =G54*0.0010369917+F54*0.0002073983 | AG54: =H54*0.0010369917+G54*0.0002073983 | AH54: =I54*0.0010369917+H54*0.0002073983 | AI54: =J54*0.0010369917+I54*0.0002073983 | AJ54: =K54*0.0010369917+J54*0.0002073983 | AK54: =L54*0.0010369917+K54*0.0002073983 | ... AZ54: =AA54*0.0010369917+Z54*0.0002073983 | BA54: =D54*0.0010369917+AA54*0.0002073983 | BB54: =SUM(AD54:BA54)
A55: AMD-FWDREG-SSC | B55: Forward Regular OSC | C55: 46102 | D55: =Summary!D55*0.08 | E55: =Summary!E55*0.08 | F55: =Summary!F55*0.08 | G55: =Summary!G55*0.08 | H55: =Summary!H55*0.08 | I55: =Summary!I55*0.08 | J55: =Summary!J55*0.08 | K55: =Summary!K55*0.08 | ... AA55: =Summary!AA55*0.08 | AB55: =SUM(D55:AA55) | AD55: =E55*0.0010369917+D55*0.0002073983 | AE55: =F55*0.0010369917+E55*0.0002073983 | AF55: =G55*0.0010369917+F55*0.0002073983 | AG55: =H55*0.0010369917+G55*0.0002073983 | AH55: =I55*0.0010369917+H55*0.0002073983 | AI55: =J55*0.0010369917+I55*0.0002073983 | AJ55: =K55*0.0010369917+J55*0.0002073983 | AK55: =L55*0.0010369917+K55*0.0002073983 | ... AZ55: =AA55*0.0010369917+Z55*0.0002073983 | BA55: =D55*0.0010369917+AA55*0.0002073983 | BB55: =SUM(AD55:BA55)
A56: AMD-FWDREG-SSC | B56: Forward Regular OSC | C56: 46103 | D56: =Summary!D56*0.08 | E56: =Summary!E56*0.08 | F56: =Summary!F56*0.08 | G56: =Summary!G56*0.08 | H56: =Summary!H56*0.08 | I56: =Summary!I56*0.08 | J56: =Summary!J56*0.08 | K56: =Summary!K56*0.08 | ... AA56: =Summary!AA56*0.08 | AB56: =SUM(D56:AA56) | AD56: =E56*0.0010369917+D56*0.0002073983 | AE56: =F56*0.0010369917+E56*0.0002073983 | AF56: =G56*0.0010369917+F56*0.0002073983 | AG56: =H56*0.0010369917+G56*0.0002073983 | AH56: =I56*0.0010369917+H56*0.0002073983 | AI56: =J56*0.0010369917+I56*0.0002073983 | AJ56: =K56*0.0010369917+J56*0.0002073983 | AK56: =L56*0.0010369917+K56*0.0002073983 | ... AZ56: =AA56*0.0010369917+Z56*0.0002073983 | BA56: =D56*0.0010369917+AA56*0.0002073983 | BB56: =SUM(AD56:BA56)
A57: AMD-FWDREG-SSC | B57: Forward Regular OSC | C57: 46104 | D57: =Summary!D57*0.08 | E57: =Summary!E57*0.08 | F57: =Summary!F57*0.08 | G57: =Summary!G57*0.08 | H57: =Summary!H57*0.08 | I57: =Summary!I57*0.08 | J57: =Summary!J57*0.08 | K57: =Summary!K57*0.08 | ... AA57: =Summary!AA57*0.08 | AB57: =SUM(D57:AA57) | AD57: =E57*0.0010369917+D57*0.0002073983 | AE57: =F57*0.0010369917+E57*0.0002073983 | AF57: =G57*0.0010369917+F57*0.0002073983 | AG57: =H57*0.0010369917+G57*0.0002073983 | AH57: =I57*0.0010369917+H57*0.0002073983 | AI57: =J57*0.0010369917+I57*0.0002073983 | AJ57: =K57*0.0010369917+J57*0.0002073983 | AK57: =L57*0.0010369917+K57*0.0002073983 | ... AZ57: =AA57*0.0010369917+Z57*0.0002073983 | BA57: =D57*0.0010369917+AA57*0.0002073983 | BB57: =SUM(AD57:BA57)
A58: AMD-FWDREG-SSC | B58: Forward Regular OSC | C58: 46105 | D58: =Summary!D58*0.08 | E58: =Summary!E58*0.08 | F58: =Summary!F58*0.08 | G58: =Summary!G58*0.08 | H58: =Summary!H58*0.08 | I58: =Summary!I58*0.08 | J58: =Summary!J58*0.08 | K58: =Summary!K58*0.08 | ... AA58: =Summary!AA58*0.08 | AB58: =SUM(D58:AA58) | AD58: =E58*0.0010369917+D58*0.0002073983 | AE58: =F58*0.0010369917+E58*0.0002073983 | AF58: =G58*0.0010369917+F58*0.0002073983 | AG58: =H58*0.0010369917+G58*0.0002073983 | AH58: =I58*0.0010369917+H58*0.0002073983 | AI58: =J58*0.0010369917+I58*0.0002073983 | AJ58: =K58*0.0010369917+J58*0.0002073983 | AK58: =L58*0.0010369917+K58*0.0002073983 | ... AZ58: =AA58*0.0010369917+Z58*0.0002073983 | BA58: =D58*0.0010369917+AA58*0.0002073983 | BB58: =SUM(AD58:BA58)
A59: AMD-INTRA-SSC | B59: Forward Regular OSC | C59: 46098 | D59: =Summary!D59*0.08 | E59: =Summary!E59*0.08 | F59: =Summary!F59*0.08 | G59: =Summary!G59*0.08 | H59: =Summary!H59*0.08 | I59: =Summary!I59*0.08 | J59: =Summary!J59*0.08 | K59: =Summary!K59*0.08 | ... AA59: =Summary!AA59*0.08 | AB59: =SUM(D59:AA59) | AD59: =E59*0.0010369917+D59*0.0002073983 | AE59: =F59*0.0010369917+E59*0.0002073983 | AF59: =G59*0.0010369917+F59*0.0002073983 | AG59: =H59*0.0010369917+G59*0.0002073983 | AH59: =I59*0.0010369917+H59*0.0002073983 | AI59: =J59*0.0010369917+I59*0.0002073983 | AJ59: =K59*0.0010369917+J59*0.0002073983 | AK59: =L59*0.0010369917+K59*0.0002073983 | ... AZ59: =AA59*0.0010369917+Z59*0.0002073983 | BA59: =D59*0.0010369917+AA59*0.0002073983 | BB59: =SUM(AD59:BA59)
A60: AMD-INTRA-SSC | B60: Forward Regular OSC | C60: 46099 | D60: =Summary!D60*0.08 | E60: =Summary!E60*0.08 | F60: =Summary!F60*0.08 | G60: =Summary!G60*0.08 | H60: =Summary!H60*0.08 | I60: =Summary!I60*0.08 | J60: =Summary!J60*0.08 | K60: =Summary!K60*0.08 | ... AA60: =Summary!AA60*0.08 | AB60: =SUM(D60:AA60) | AD60: =E60*0.0010369917+D60*0.0002073983 | AE60: =F60*0.0010369917+E60*0.0002073983 | AF60: =G60*0.0010369917+F60*0.0002073983 | AG60: =H60*0.0010369917+G60*0.0002073983 | AH60: =I60*0.0010369917+H60*0.0002073983 | AI60: =J60*0.0010369917+I60*0.0002073983 | AJ60: =K60*0.0010369917+J60*0.0002073983 | AK60: =L60*0.0010369917+K60*0.0002073983 | ... AZ60: =AA60*0.0010369917+Z60*0.0002073983 | BA60: =D60*0.0010369917+AA60*0.0002073983 | BB60: =SUM(AD60:BA60)
A61: AMD-INTRA-SSC | B61: Forward Regular OSC | C61: 46100 | D61: =Summary!D61*0.08 | E61: =Summary!E61*0.08 | F61: =Summary!F61*0.08 | G61: =Summary!G61*0.08 | H61: =Summary!H61*0.08 | I61: =Summary!I61*0.08 | J61: =Summary!J61*0.08 | K61: =Summary!K61*0.08 | ... AA61: =Summary!AA61*0.08 | AB61: =SUM(D61:AA61) | AD61: =E61*0.0010369917+D61*0.0002073983 | AE61: =F61*0.0010369917+E61*0.0002073983 | AF61: =G61*0.0010369917+F61*0.0002073983 | AG61: =H61*0.0010369917+G61*0.0002073983 | AH61: =I61*0.0010369917+H61*0.0002073983 | AI61: =J61*0.0010369917+I61*0.0002073983 | AJ61: =K61*0.0010369917+J61*0.0002073983 | AK61: =L61*0.0010369917+K61*0.0002073983 | ... AZ61: =AA61*0.0010369917+Z61*0.0002073983 | BA61: =D61*0.0010369917+AA61*0.0002073983 | BB61: =SUM(AD61:BA61)
A62: AMD-INTRA-SSC | B62: Forward Regular OSC | C62: 46101 | D62: =Summary!D62*0.08 | E62: =Summary!E62*0.08 | F62: =Summary!F62*0.08 | G62: =Summary!G62*0.08 | H62: =Summary!H62*0.08 | I62: =Summary!I62*0.08 | J62: =Summary!J62*0.08 | K62: =Summary!K62*0.08 | ... AA62: =Summary!AA62*0.08 | AB62: =SUM(D62:AA62) | AD62: =E62*0.0010369917+D62*0.0002073983 | AE62: =F62*0.0010369917+E62*0.0002073983 | AF62: =G62*0.0010369917+F62*0.0002073983 | AG62: =H62*0.0010369917+G62*0.0002073983 | AH62: =I62*0.0010369917+H62*0.0002073983 | AI62: =J62*0.0010369917+I62*0.0002073983 | AJ62: =K62*0.0010369917+J62*0.0002073983 | AK62: =L62*0.0010369917+K62*0.0002073983 | ... AZ62: =AA62*0.0010369917+Z62*0.0002073983 | BA62: =D62*0.0010369917+AA62*0.0002073983 | BB62: =SUM(AD62:BA62)
... A85: AMD-MU-01 | B85: Forward Regular OSC | C85: 46091 | D85: =Summary!D85*0.08 | E85: =Summary!E85*0.08 | F85: =Summary!F85*0.08 | G85: =Summary!G85*0.08 | H85: =Summary!H85*0.08 | I85: =Summary!I85*0.08 | J85: =Summary!J85*0.08 | K85: =Summary!K85*0.08 | ... AA85: =Summary!AA85*0.08 | AB85: =SUM(D85:AA85) | AD85: =E85*0.0010369917+D85*0.0002073983 | AE85: =F85*0.0010369917+E85*0.0002073983 | AF85: =G85*0.0010369917+F85*0.0002073983 | AG85: =H85*0.0010369917+G85*0.0002073983 | AH85: =I85*0.0010369917+H85*0.0002073983 | AI85: =J85*0.0010369917+I85*0.0002073983 | AJ85: =K85*0.0010369917+J85*0.0002073983 | AK85: =L85*0.0010369917+K85*0.0002073983 | ... AZ85: =AA85*0.0010369917+Z85*0.0002073983 | BA85: =D85*0.0010369917+AA85*0.0002073983 | BB85: =SUM(AD85:BA85)
A86: AMD-RTS-RCLS-1302-SSC | B86: Rev OSC | C86: 46089 | D86: 0 | E86: 0 | F86: 0 | G86: 0 | H86: 0 | I86: 0 | J86: 0 | K86: 0 | L86: 0 | M86: 0 | N86: 0 | O86: 0 | P86: 0 | Q86: 0 | R86: 0 | S86: 0 | T86: 0 | U86: 0 | V86: 0 | W86: 0 | X86: 0 | Y86: 0 | Z86: 0 | AA86: 0 | AB86: =SUM(D86:AA86) | AD86: 0 | AE86: 0 | AF86: 0 | AG86: 0 | AH86: 0 | AI86: 0 | AJ86: 0 | AK86: 0 | AL86: 0 | AM86: 0 | AN86: 0 | AO86: 0 | AP86: 0 | AQ86: 0 | AR86: 0 | AS86: 0 | AT86: 0 | AU86: 0 | AV86: 0 | AW86: 0 | AX86: 0 | AY86: 0 | AZ86: 0 | BA86: 0 | BB86: =SUM(AD86:BA86)
A87: AMD-RTS-RCLS-1302-SSC | B87: Rev OSC | C87: 46090 | D87: 0 | E87: 0 | F87: 0 | G87: 0 | H87: 0 | I87: 0 | J87: 0 | K87: 0 | L87: 0 | M87: 0 | N87: 0 | O87: 0 | P87: 0 | Q87: 0 | R87: 0 | S87: 0 | T87: 0 | U87: 0 | V87: 0 | W87: 0 | X87: 0 | Y87: 0 | Z87: 0 | AA87: 0 | AB87: =SUM(D87:AA87) | AD87: 0 | AE87: 0 | AF87: 0 | AG87: 0 | AH87: 0 | AI87: 0 | AJ87: 0 | AK87: 0 | AL87: 0 | AM87: 0 | AN87: 0 | AO87: 0 | AP87: 0 | AQ87: 0 | AR87: 0 | AS87: 0 | AT87: 0 | AU87: 0 | AV87: 0 | AW87: 0 | AX87: 0 | AY87: 0 | AZ87: 0 | BA87: 0 | BB87: =SUM(AD87:BA87)
A88: AMD-RTS-RCLS-1302-SSC | B88: Rev OSC | C88: 46092 | D88: 0 | E88: 0 | F88: 0 | G88: 0 | H88: 0 | I88: 0 | J88: 0 | K88: 0 | L88: 0 | M88: 0 | N88: 0 | O88: 0 | P88: 0 | Q88: 0 | R88: 0 | S88: 0 | T88: 0 | U88: 0 | V88: 0 | W88: 0 | X88: 0 | Y88: 0 | Z88: 0 | AA88: 0 | AB88: =SUM(D88:AA88) | AD88: 0 | AE88: 0 | AF88: 0 | AG88: 0 | AH88: 0 | AI88: 0 | AJ88: 0 | AK88: 0 | AL88: 0 | AM88: 0 | AN88: 0 | AO88: 0 | AP88: 0 | AQ88: 0 | AR88: 0 | AS88: 0 | AT88: 0 | AU88: 0 | AV88: 0 | AW88: 0 | AX88: 0 | AY88: 0 | AZ88: 0 | BA88: 0 | BB88: =SUM(AD88:BA88)
A89: AMD-RTS-RCLS-1302-SSC | B89: Rev OSC | C89: 46093 | D89: 0 | E89: 0 | F89: 0 | G89: 0 | H89: 0 | I89: 0 | J89: 0 | K89: 0 | L89: 0 | M89: 0 | N89: 0 | O89: 0 | P89: 0 | Q89: 0 | R89: 0 | S89: 0 | T89: 0 | U89: 0 | V89: 0 | W89: 0 | X89: 0 | Y89: 0 | Z89: 0 | AA89: 0 | AB89: =SUM(D89:AA89) | AD89: 0 | AE89: 0 | AF89: 0 | AG89: 0 | AH89: 0 | AI89: 0 | AJ89: 0 | AK89: 0 | AL89: 0 | AM89: 0 | AN89: 0 | AO89: 0 | AP89: 0 | AQ89: 0 | AR89: 0 | AS89: 0 | AT89: 0 | AU89: 0 | AV89: 0 | AW89: 0 | AX89: 0 | AY89: 0 | AZ89: 0 | BA89: 0 | BB89: =SUM(AD89:BA89)
A90: AMD-RTS-RCLS-1302-SSC | B90: Rev OSC | C90: 46094 | D90: 0 | E90: 0 | F90: 0 | G90: 0 | H90: 0 | I90: 0 | J90: 0 | K90: 0 | L90: 0 | M90: 0 | N90: 0 | O90: 0 | P90: 0 | Q90: 0 | R90: 0 | S90: 0 | T90: 0 | U90: 0 | V90: 0 | W90: 0 | X90: 0 | Y90: 0 | Z90: 0 | AA90: 0 | AB90: =SUM(D90:AA90) | AD90: 0 | AE90: 0 | AF90: 0 | AG90: 0 | AH90: 0 | AI90: 0 | AJ90: 0 | AK90: 0 | AL90: 0 | AM90: 0 | AN90: 0 | AO90: 0 | AP90: 0 | AQ90: 0 | AR90: 0 | AS90: 0 | AT90: 0 | AU90: 0 | AV90: 0 | AW90: 0 | AX90: 0 | AY90: 0 | AZ90: 0 | BA90: 0 | BB90: =SUM(AD90:BA90)
A91: AMD-RTS-RCLS-1302-SSC | B91: Rev OSC | C91: 46095 | D91: 0 | E91: 0 | F91: 0 | G91: 0 | H91: 0 | I91: 0 | J91: 0 | K91: 0 | L91: 0 | M91: 0 | N91: 0 | O91: 0 | P91: 0 | Q91: 0 | R91: 0 | S91: 0 | T91: 0 | U91: 0 | V91: 0 | W91: 0 | X91: 0 | Y91: 0 | Z91: 0 | AA91: 0 | AB91: =SUM(D91:AA91) | AD91: 0 | AE91: 0 | AF91: 0 | AG91: 0 | AH91: 0 | AI91: 0 | AJ91: 0 | AK91: 0 | AL91: 0 | AM91: 0 | AN91: 0 | AO91: 0 | AP91: 0 | AQ91: 0 | AR91: 0 | AS91: 0 | AT91: 0 | AU91: 0 | AV91: 0 | AW91: 0 | AX91: 0 | AY91: 0 | AZ91: 0 | BA91: 0 | BB91: =SUM(AD91:BA91)
A92: AMD-RTS-RCLS-1302-SSC | B92: Rev OSC | C92: 46096 | D92: 0 | E92: 0 | F92: 0 | G92: 0 | H92: 0 | I92: 0 | J92: 0 | K92: 0 | L92: 0 | M92: 0 | N92: 0 | O92: 0 | P92: 0 | Q92: 0 | R92: 0 | S92: 0 | T92: 0 | U92: 0 | V92: 0 | W92: 0 | X92: 0 | Y92: 0 | Z92: 0 | AA92: 0 | AB92: =SUM(D92:AA92) | AD92: 0 | AE92: 0 | AF92: 0 | AG92: 0 | AH92: 0 | AI92: 0 | AJ92: 0 | AK92: 0 | AL92: 0 | AM92: 0 | AN92: 0 | AO92: 0 | AP92: 0 | AQ92: 0 | AR92: 0 | AS92: 0 | AT92: 0 | AU92: 0 | AV92: 0 | AW92: 0 | AX92: 0 | AY92: 0 | AZ92: 0 | BA92: 0 | BB92: =SUM(AD92:BA92)
A93: AMD-RTS-RCLS-1302-SSC | B93: Rev OSC | C93: 46097 | D93: 0 | E93: 0 | F93: 0 | G93: 0 | H93: 0 | I93: 0 | J93: 0 | K93: 0 | L93: 0 | M93: 0 | N93: 0 | O93: 0 | P93: 0 | Q93: 0 | R93: 0 | S93: 0 | T93: 0 | U93: 0 | V93: 0 | W93: 0 | X93: 0 | Y93: 0 | Z93: 0 | AA93: 0 | AB93: =SUM(D93:AA93) | AD93: 0 | AE93: 0 | AF93: 0 | AG93: 0 | AH93: 0 | AI93: 0 | AJ93: 0 | AK93: 0 | AL93: 0 | AM93: 0 | AN93: 0 | AO93: 0 | AP93: 0 | AQ93: 0 | AR93: 0 | AS93: 0 | AT93: 0 | AU93: 0 | AV93: 0 | AW93: 0 | AX93: 0 | AY93: 0 | AZ93: 0 | BA93: 0 | BB93: =SUM(AD93:BA93)
A94: AMD-RTS-RCLS-1302-SSC | B94: Rev OSC | C94: 46100 | D94: 0 | E94: 0 | F94: 0 | G94: 0 | H94: 0 | I94: 0 | J94: 0 | K94: 0 | L94: 0 | M94: 0 | N94: 0 | O94: 0 | P94: 0 | Q94: 0 | R94: 0 | S94: 0 | T94: 0 | U94: 0 | V94: 0 | W94: 0 | X94: 0 | Y94: 0 | Z94: 0 | AA94: 0 | AB94: =SUM(D94:AA94) | AD94: 0 | AE94: 0 | AF94: 0 | AG94: 0 | AH94: 0 | AI94: 0 | AJ94: 0 | AK94: 0 | AL94: 0 | AM94: 0 | AN94: 0 | AO94: 0 | AP94: 0 | AQ94: 0 | AR94: 0 | AS94: 0 | AT94: 0 | AU94: 0 | AV94: 0 | AW94: 0 | AX94: 0 | AY94: 0 | AZ94: 0 | BA94: 0 | BB94: =SUM(AD94:BA94)
A95: AMD-RTS-RCLS-1302-SSC | B95: Rev OSC | C95: 46102 | D95: 0 | E95: 0 | F95: 0 | G95: 0 | H95: 0 | I95: 0 | J95: 0 | K95: 0 | L95: 0 | M95: 0 | N95: 0 | O95: 0 | P95: 0 | Q95: 0 | R95: 0 | S95: 0 | T95: 0 | U95: 0 | V95: 0 | W95: 0 | X95: 0 | Y95: 0 | Z95: 0 | AA95: 0 | AB95: =SUM(D95:AA95) | AD95: 0 | AE95: 0 | AF95: 0 | AG95: 0 | AH95: 0 | AI95: 0 | AJ95: 0 | AK95: 0 | AL95: 0 | AM95: 0 | AN95: 0 | AO95: 0 | AP95: 0 | AQ95: 0 | AR95: 0 | AS95: 0 | AT95: 0 | AU95: 0 | AV95: 0 | AW95: 0 | AX95: 0 | AY95: 0 | AZ95: 0 | BA95: 0 | BB95: =SUM(AD95:BA95)
A96: AMD-RTS-RCLS-1302-SSC | B96: Rev OSC | C96: 46103 | D96: 0 | E96: 0 | F96: 0 | G96: 0 | H96: 0 | I96: 0 | J96: 0 | K96: 0 | L96: 0 | M96: 0 | N96: 0 | O96: 0 | P96: 0 | Q96: 0 | R96: 0 | S96: 0 | T96: 0 | U96: 0 | V96: 0 | W96: 0 | X96: 0 | Y96: 0 | Z96: 0 | AA96: 0 | AB96: =SUM(D96:AA96) | AD96: 0 | AE96: 0 | AF96: 0 | AG96: 0 | AH96: 0 | AI96: 0 | AJ96: 0 | AK96: 0 | AL96: 0 | AM96: 0 | AN96: 0 | AO96: 0 | AP96: 0 | AQ96: 0 | AR96: 0 | AS96: 0 | AT96: 0 | AU96: 0 | AV96: 0 | AW96: 0 | AX96: 0 | AY96: 0 | AZ96: 0 | BA96: 0 | BB96: =SUM(AD96:BA96)
A97: AMD-RTS-RCLS-1302-SSC | B97: Rev OSC | C97: 46104 | D97: 0 | E97: 0 | F97: 0 | G97: 0 | H97: 0 | I97: 0 | J97: 0 | K97: 0 | L97: 0 | M97: 0 | N97: 0 | O97: 0 | P97: 0 | Q97: 0 | R97: 0 | S97: 0 | T97: 0 | U97: 0 | V97: 0 | W97: 0 | X97: 0 | Y97: 0 | Z97: 0 | AA97: 0 | AB97: =SUM(D97:AA97) | AD97: 0 | AE97: 0 | AF97: 0 | AG97: 0 | AH97: 0 | AI97: 0 | AJ97: 0 | AK97: 0 | AL97: 0 | AM97: 0 | AN97: 0 | AO97: 0 | AP97: 0 | AQ97: 0 | AR97: 0 | AS97: 0 | AT97: 0 | AU97: 0 | AV97: 0 | AW97: 0 | AX97: 0 | AY97: 0 | AZ97: 0 | BA97: 0 | BB97: =SUM(AD97:BA97)
... A119: DC-10-1 | B119: DSC Manual | C119: 46097 | D119: 0 | E119: 0 | F119: 0 | G119: 0 | H119: 0 | I119: 0 | J119: 0 | K119: 0 | L119: 0 | M119: 0 | N119: 0 | O119: 0 | P119: 0 | Q119: 0 | R119: 0 | S119: 0 | T119: 0 | U119: 0 | V119: 0 | W119: 0 | X119: 0 | Y119: 0 | Z119: 0 | AA119: 0 | AB119: =SUM(D119:AA119) | AD119: 0 | AE119: 0 | AF119: 0 | AG119: 0 | AH119: 0 | AI119: 0 | AJ119: 0 | AK119: 0 | AL119: 0 | AM119: 0 | AN119: 0 | AO119: 0 | AP119: 0 | AQ119: 0 | AR119: 0 | AS119: 0 | AT119: 0 | AU119: 0 | AV119: 0 | AW119: 0 | AX119: 0 | AY119: 0 | AZ119: 0 | BA119: 0 | BB119: =SUM(AD119:BA119)

Sheet FWD Manual Primary
A1: Layout | B1: Layout Type | C1: Date | D1: Act Vol 12 AM | E1: Act Vol 1 AM | F1: Act Vol 2 AM | G1: Act Vol 3 AM | H1: Act Vol 4 AM | I1: Act Vol 5 AM | J1: Act Vol 6 AM | K1: Act Vol 7 AM | L1: Act Vol 8 AM | M1: Act Vol 9 AM | N1: Act Vol 10 AM | O1: Act Vol 11 AM | P1: Act Vol 12 PM | Q1: Act Vol 1 PM | R1: Act Vol 2 PM | S1: Act Vol 3 PM | T1: Act Vol 4 PM | U1: Act Vol 5 PM | V1: Act Vol 6 PM | W1: Act Vol 7 PM | X1: Act Vol 8 PM | Y1: Act Vol 9 PM | Z1: Act Vol 10 PM | AA1: Act Vol 11 PM | AB1: Act Vol Total | AD1: MH 12 AM | AE1: MH 1 AM | AF1: MH 2 AM | AG1: MH 3 AM | AH1: MH 4 AM | AI1: MH 5 AM | AJ1: MH 6 AM | AK1: MH 7 AM | AL1: MH 8 AM | AM1: MH 9 AM | AN1: MH 10 AM | AO1: MH 11 AM | AP1: MH 12 PM | AQ1: MH 1 PM | AR1: MH 2 PM | AS1: MH 3 PM | AT1: MH 4 PM | AU1: MH 5 PM | AV1: MH 6 PM | AW1: MH 7 PM | AX1: MH 8 PM | AY1: MH 9 PM | AZ1: MH 10 PM | BA1: MH 11 PM | BB1: MH Total
A2: AMD-AIR-NEW-SSC | B2: Forward Regular OSC | C2: 46093 | D2: =Summary!D2 | E2: =Summary!E2 | F2: =Summary!F2 | G2: =Summary!G2 | H2: =Summary!H2 | I2: =Summary!I2 | J2: =Summary!J2 | K2: =Summary!K2 | ... AA2: =Summary!AA2 | AB2: =SUM(D2:AA2) | AD2: =E2*0.001117515+D2*0.001117515 | AE2: =F2*0.001117515+E2*0.001117515 | AF2: =G2*0.001117515+F2*0.001117515 | AG2: =H2*0.001117515+G2*0.001117515 | AH2: =I2*0.001117515+H2*0.001117515 | AI2: =J2*0.001117515+I2*0.001117515 | AJ2: =K2*0.001117515+J2*0.001117515 | AK2: =L2*0.001117515+K2*0.001117515 | ... AZ2: =AA2*0.001117515+Z2*0.001117515 | BA2: =D2*0.001117515+AA2*0.001117515 | BB2: =SUM(AD2:BA2)
A3: AMD-AIR-NEW-SSC | B3: Forward Regular OSC | C3: 46094 | D3: =Summary!D3 | E3: =Summary!E3 | F3: =Summary!F3 | G3: =Summary!G3 | H3: =Summary!H3 | I3: =Summary!I3 | J3: =Summary!J3 | K3: =Summary!K3 | ... AA3: =Summary!AA3 | AB3: =SUM(D3:AA3) | AD3: =E3*0.001117515+D3*0.001117515 | AE3: =F3*0.001117515+E3*0.001117515 | AF3: =G3*0.001117515+F3*0.001117515 | AG3: =H3*0.001117515+G3*0.001117515 | AH3: =I3*0.001117515+H3*0.001117515 | AI3: =J3*0.001117515+I3*0.001117515 | AJ3: =K3*0.001117515+J3*0.001117515 | AK3: =L3*0.001117515+K3*0.001117515 | ... AZ3: =AA3*0.001117515+Z3*0.001117515 | BA3: =D3*0.001117515+AA3*0.001117515 | BB3: =SUM(AD3:BA3)
A4: AMD-AIR-NEW-SSC | B4: Forward Regular OSC | C4: 46096 | D4: =Summary!D4 | E4: =Summary!E4 | F4: =Summary!F4 | G4: =Summary!G4 | H4: =Summary!H4 | I4: =Summary!I4 | J4: =Summary!J4 | K4: =Summary!K4 | ... AA4: =Summary!AA4 | AB4: =SUM(D4:AA4) | AD4: =E4*0.001117515+D4*0.001117515 | AE4: =F4*0.001117515+E4*0.001117515 | AF4: =G4*0.001117515+F4*0.001117515 | AG4: =H4*0.001117515+G4*0.001117515 | AH4: =I4*0.001117515+H4*0.001117515 | AI4: =J4*0.001117515+I4*0.001117515 | AJ4: =K4*0.001117515+J4*0.001117515 | AK4: =L4*0.001117515+K4*0.001117515 | ... AZ4: =AA4*0.001117515+Z4*0.001117515 | BA4: =D4*0.001117515+AA4*0.001117515 | BB4: =SUM(AD4:BA4)
A5: AMD-AIR-NEW-SSC | B5: Forward Regular OSC | C5: 46097 | D5: =Summary!D5 | E5: =Summary!E5 | F5: =Summary!F5 | G5: =Summary!G5 | H5: =Summary!H5 | I5: =Summary!I5 | J5: =Summary!J5 | K5: =Summary!K5 | ... AA5: =Summary!AA5 | AB5: =SUM(D5:AA5) | AD5: =E5*0.001117515+D5*0.001117515 | AE5: =F5*0.001117515+E5*0.001117515 | AF5: =G5*0.001117515+F5*0.001117515 | AG5: =H5*0.001117515+G5*0.001117515 | AH5: =I5*0.001117515+H5*0.001117515 | AI5: =J5*0.001117515+I5*0.001117515 | AJ5: =K5*0.001117515+J5*0.001117515 | AK5: =L5*0.001117515+K5*0.001117515 | ... AZ5: =AA5*0.001117515+Z5*0.001117515 | BA5: =D5*0.001117515+AA5*0.001117515 | BB5: =SUM(AD5:BA5)
A6: AMD-AIR-NEW-SSC | B6: Forward Regular OSC | C6: 46100 | D6: =Summary!D6 | E6: =Summary!E6 | F6: =Summary!F6 | G6: =Summary!G6 | H6: =Summary!H6 | I6: =Summary!I6 | J6: =Summary!J6 | K6: =Summary!K6 | ... AA6: =Summary!AA6 | AB6: =SUM(D6:AA6) | AD6: =E6*0.001117515+D6*0.001117515 | AE6: =F6*0.001117515+E6*0.001117515 | AF6: =G6*0.001117515+F6*0.001117515 | AG6: =H6*0.001117515+G6*0.001117515 | AH6: =I6*0.001117515+H6*0.001117515 | AI6: =J6*0.001117515+I6*0.001117515 | AJ6: =K6*0.001117515+J6*0.001117515 | AK6: =L6*0.001117515+K6*0.001117515 | ... AZ6: =AA6*0.001117515+Z6*0.001117515 | BA6: =D6*0.001117515+AA6*0.001117515 | BB6: =SUM(AD6:BA6)
A7: AMD-AIR-NEW-SSC | B7: Forward Regular OSC | C7: 46101 | D7: =Summary!D7 | E7: =Summary!E7 | F7: =Summary!F7 | G7: =Summary!G7 | H7: =Summary!H7 | I7: =Summary!I7 | J7: =Summary!J7 | K7: =Summary!K7 | ... AA7: =Summary!AA7 | AB7: =SUM(D7:AA7) | AD7: =E7*0.001117515+D7*0.001117515 | AE7: =F7*0.001117515+E7*0.001117515 | AF7: =G7*0.001117515+F7*0.001117515 | AG7: =H7*0.001117515+G7*0.001117515 | AH7: =I7*0.001117515+H7*0.001117515 | AI7: =J7*0.001117515+I7*0.001117515 | AJ7: =K7*0.001117515+J7*0.001117515 | AK7: =L7*0.001117515+K7*0.001117515 | ... AZ7: =AA7*0.001117515+Z7*0.001117515 | BA7: =D7*0.001117515+AA7*0.001117515 | BB7: =SUM(AD7:BA7)
A8: AMD-AIR-NEW-SSC | B8: Forward Regular OSC | C8: 46102 | D8: =Summary!D8 | E8: =Summary!E8 | F8: =Summary!F8 | G8: =Summary!G8 | H8: =Summary!H8 | I8: =Summary!I8 | J8: =Summary!J8 | K8: =Summary!K8 | ... AA8: =Summary!AA8 | AB8: =SUM(D8:AA8) | AD8: =E8*0.001117515+D8*0.001117515 | AE8: =F8*0.001117515+E8*0.001117515 | AF8: =G8*0.001117515+F8*0.001117515 | AG8: =H8*0.001117515+G8*0.001117515 | AH8: =I8*0.001117515+H8*0.001117515 | AI8: =J8*0.001117515+I8*0.001117515 | AJ8: =K8*0.001117515+J8*0.001117515 | AK8: =L8*0.001117515+K8*0.001117515 | ... AZ8: =AA8*0.001117515+Z8*0.001117515 | BA8: =D8*0.001117515+AA8*0.001117515 | BB8: =SUM(AD8:BA8)
A9: AMD-AIR-NEW-SSC | B9: Forward Regular OSC | C9: 46103 | D9: =Summary!D9 | E9: =Summary!E9 | F9: =Summary!F9 | G9: =Summary!G9 | H9: =Summary!H9 | I9: =Summary!I9 | J9: =Summary!J9 | K9: =Summary!K9 | ... AA9: =Summary!AA9 | AB9: =SUM(D9:AA9) | AD9: =E9*0.001117515+D9*0.001117515 | AE9: =F9*0.001117515+E9*0.001117515 | AF9: =G9*0.001117515+F9*0.001117515 | AG9: =H9*0.001117515+G9*0.001117515 | AH9: =I9*0.001117515+H9*0.001117515 | AI9: =J9*0.001117515+I9*0.001117515 | AJ9: =K9*0.001117515+J9*0.001117515 | AK9: =L9*0.001117515+K9*0.001117515 | ... AZ9: =AA9*0.001117515+Z9*0.001117515 | BA9: =D9*0.001117515+AA9*0.001117515 | BB9: =SUM(AD9:BA9)
A10: AMD-AIR-NEW-SSC | B10: Forward Regular OSC | C10: 46104 | D10: =Summary!D10 | E10: =Summary!E10 | F10: =Summary!F10 | G10: =Summary!G10 | H10: =Summary!H10 | I10: =Summary!I10 | J10: =Summary!J10 | K10: =Summary!K10 | ... AA10: =Summary!AA10 | AB10: =SUM(D10:AA10) | AD10: =E10*0.001117515+D10*0.001117515 | AE10: =F10*0.001117515+E10*0.001117515 | AF10: =G10*0.001117515+F10*0.001117515 | AG10: =H10*0.001117515+G10*0.001117515 | AH10: =I10*0.001117515+H10*0.001117515 | AI10: =J10*0.001117515+I10*0.001117515 | AJ10: =K10*0.001117515+J10*0.001117515 | AK10: =L10*0.001117515+K10*0.001117515 | ... AZ10: =AA10*0.001117515+Z10*0.001117515 | BA10: =D10*0.001117515+AA10*0.001117515 | BB10: =SUM(AD10:BA10)
A11: AMD-EXPR | B11: DSC Manual | C11: 46089 | D11: 0 | E11: 0 | F11: 0 | G11: 0 | H11: 0 | I11: 0 | J11: 0 | K11: 0 | L11: 0 | M11: 0 | N11: 0 | O11: 0 | P11: 0 | Q11: 0 | R11: 0 | S11: 0 | T11: 0 | U11: 0 | V11: 0 | W11: 0 | X11: 0 | Y11: 0 | Z11: 0 | AA11: 0 | AB11: =SUM(D11:AA11) | AD11: 0 | AE11: 0 | AF11: 0 | AG11: 0 | AH11: 0 | AI11: 0 | AJ11: 0 | AK11: 0 | AL11: 0 | AM11: 0 | AN11: 0 | AO11: 0 | AP11: 0 | AQ11: 0 | AR11: 0 | AS11: 0 | AT11: 0 | AU11: 0 | AV11: 0 | AW11: 0 | AX11: 0 | AY11: 0 | AZ11: 0 | BA11: 0 | BB11: =SUM(AD11:BA11)
A12: AMD-EXPR | B12: DSC Manual | C12: 46090 | D12: 0 | E12: 0 | F12: 0 | G12: 0 | H12: 0 | I12: 0 | J12: 0 | K12: 0 | L12: 0 | M12: 0 | N12: 0 | O12: 0 | P12: 0 | Q12: 0 | R12: 0 | S12: 0 | T12: 0 | U12: 0 | V12: 0 | W12: 0 | X12: 0 | Y12: 0 | Z12: 0 | AA12: 0 | AB12: =SUM(D12:AA12) | AD12: 0 | AE12: 0 | AF12: 0 | AG12: 0 | AH12: 0 | AI12: 0 | AJ12: 0 | AK12: 0 | AL12: 0 | AM12: 0 | AN12: 0 | AO12: 0 | AP12: 0 | AQ12: 0 | AR12: 0 | AS12: 0 | AT12: 0 | AU12: 0 | AV12: 0 | AW12: 0 | AX12: 0 | AY12: 0 | AZ12: 0 | BA12: 0 | BB12: =SUM(AD12:BA12)
A13: AMD-EXPR | B13: DSC Manual | C13: 46091 | D13: 0 | E13: 0 | F13: 0 | G13: 0 | H13: 0 | I13: 0 | J13: 0 | K13: 0 | L13: 0 | M13: 0 | N13: 0 | O13: 0 | P13: 0 | Q13: 0 | R13: 0 | S13: 0 | T13: 0 | U13: 0 | V13: 0 | W13: 0 | X13: 0 | Y13: 0 | Z13: 0 | AA13: 0 | AB13: =SUM(D13:AA13) | AD13: 0 | AE13: 0 | AF13: 0 | AG13: 0 | AH13: 0 | AI13: 0 | AJ13: 0 | AK13: 0 | AL13: 0 | AM13: 0 | AN13: 0 | AO13: 0 | AP13: 0 | AQ13: 0 | AR13: 0 | AS13: 0 | AT13: 0 | AU13: 0 | AV13: 0 | AW13: 0 | AX13: 0 | AY13: 0 | AZ13: 0 | BA13: 0 | BB13: =SUM(AD13:BA13)
A14: AMD-EXPR | B14: DSC Manual | C14: 46092 | D14: 0 | E14: 0 | F14: 0 | G14: 0 | H14: 0 | I14: 0 | J14: 0 | K14: 0 | L14: 0 | M14: 0 | N14: 0 | O14: 0 | P14: 0 | Q14: 0 | R14: 0 | S14: 0 | T14: 0 | U14: 0 | V14: 0 | W14: 0 | X14: 0 | Y14: 0 | Z14: 0 | AA14: 0 | AB14: =SUM(D14:AA14) | AD14: 0 | AE14: 0 | AF14: 0 | AG14: 0 | AH14: 0 | AI14: 0 | AJ14: 0 | AK14: 0 | AL14: 0 | AM14: 0 | AN14: 0 | AO14: 0 | AP14: 0 | AQ14: 0 | AR14: 0 | AS14: 0 | AT14: 0 | AU14: 0 | AV14: 0 | AW14: 0 | AX14: 0 | AY14: 0 | AZ14: 0 | BA14: 0 | BB14: =SUM(AD14:BA14)
A15: AMD-EXPR | B15: DSC Manual | C15: 46093 | D15: 0 | E15: 0 | F15: 0 | G15: 0 | H15: 0 | I15: 0 | J15: 0 | K15: 0 | L15: 0 | M15: 0 | N15: 0 | O15: 0 | P15: 0 | Q15: 0 | R15: 0 | S15: 0 | T15: 0 | U15: 0 | V15: 0 | W15: 0 | X15: 0 | Y15: 0 | Z15: 0 | AA15: 0 | AB15: =SUM(D15:AA15) | AD15: 0 | AE15: 0 | AF15: 0 | AG15: 0 | AH15: 0 | AI15: 0 | AJ15: 0 | AK15: 0 | AL15: 0 | AM15: 0 | AN15: 0 | AO15: 0 | AP15: 0 | AQ15: 0 | AR15: 0 | AS15: 0 | AT15: 0 | AU15: 0 | AV15: 0 | AW15: 0 | AX15: 0 | AY15: 0 | AZ15: 0 | BA15: 0 | BB15: =SUM(AD15:BA15)
A16: AMD-EXPR | B16: DSC Manual | C16: 46094 | D16: 0 | E16: 0 | F16: 0 | G16: 0 | H16: 0 | I16: 0 | J16: 0 | K16: 0 | L16: 0 | M16: 0 | N16: 0 | O16: 0 | P16: 0 | Q16: 0 | R16: 0 | S16: 0 | T16: 0 | U16: 0 | V16: 0 | W16: 0 | X16: 0 | Y16: 0 | Z16: 0 | AA16: 0 | AB16: =SUM(D16:AA16) | AD16: 0 | AE16: 0 | AF16: 0 | AG16: 0 | AH16: 0 | AI16: 0 | AJ16: 0 | AK16: 0 | AL16: 0 | AM16: 0 | AN16: 0 | AO16: 0 | AP16: 0 | AQ16: 0 | AR16: 0 | AS16: 0 | AT16: 0 | AU16: 0 | AV16: 0 | AW16: 0 | AX16: 0 | AY16: 0 | AZ16: 0 | BA16: 0 | BB16: =SUM(AD16:BA16)
A17: AMD-EXPR | B17: DSC Manual | C17: 46095 | D17: 0 | E17: 0 | F17: 0 | G17: 0 | H17: 0 | I17: 0 | J17: 0 | K17: 0 | L17: 0 | M17: 0 | N17: 0 | O17: 0 | P17: 0 | Q17: 0 | R17: 0 | S17: 0 | T17: 0 | U17: 0 | V17: 0 | W17: 0 | X17: 0 | Y17: 0 | Z17: 0 | AA17: 0 | AB17: =SUM(D17:AA17) | AD17: 0 | AE17: 0 | AF17: 0 | AG17: 0 | AH17: 0 | AI17: 0 | AJ17: 0 | AK17: 0 | AL17: 0 | AM17: 0 | AN17: 0 | AO17: 0 | AP17: 0 | AQ17: 0 | AR17: 0 | AS17: 0 | AT17: 0 | AU17: 0 | AV17: 0 | AW17: 0 | AX17: 0 | AY17: 0 | AZ17: 0 | BA17: 0 | BB17: =SUM(AD17:BA17)
A18: AMD-EXPR | B18: DSC Manual | C18: 46096 | D18: 0 | E18: 0 | F18: 0 | G18: 0 | H18: 0 | I18: 0 | J18: 0 | K18: 0 | L18: 0 | M18: 0 | N18: 0 | O18: 0 | P18: 0 | Q18: 0 | R18: 0 | S18: 0 | T18: 0 | U18: 0 | V18: 0 | W18: 0 | X18: 0 | Y18: 0 | Z18: 0 | AA18: 0 | AB18: =SUM(D18:AA18) | AD18: 0 | AE18: 0 | AF18: 0 | AG18: 0 | AH18: 0 | AI18: 0 | AJ18: 0 | AK18: 0 | AL18: 0 | AM18: 0 | AN18: 0 | AO18: 0 | AP18: 0 | AQ18: 0 | AR18: 0 | AS18: 0 | AT18: 0 | AU18: 0 | AV18: 0 | AW18: 0 | AX18: 0 | AY18: 0 | AZ18: 0 | BA18: 0 | BB18: =SUM(AD18:BA18)
A19: AMD-EXPR | B19: DSC Manual | C19: 46097 | D19: 0 | E19: 0 | F19: 0 | G19: 0 | H19: 0 | I19: 0 | J19: 0 | K19: 0 | L19: 0 | M19: 0 | N19: 0 | O19: 0 | P19: 0 | Q19: 0 | R19: 0 | S19: 0 | T19: 0 | U19: 0 | V19: 0 | W19: 0 | X19: 0 | Y19: 0 | Z19: 0 | AA19: 0 | AB19: =SUM(D19:AA19) | AD19: 0 | AE19: 0 | AF19: 0 | AG19: 0 | AH19: 0 | AI19: 0 | AJ19: 0 | AK19: 0 | AL19: 0 | AM19: 0 | AN19: 0 | AO19: 0 | AP19: 0 | AQ19: 0 | AR19: 0 | AS19: 0 | AT19: 0 | AU19: 0 | AV19: 0 | AW19: 0 | AX19: 0 | AY19: 0 | AZ19: 0 | BA19: 0 | BB19: =SUM(AD19:BA19)
A20: AMD-EXPR | B20: DSC Manual | C20: 46099 | D20: 0 | E20: 0 | F20: 0 | G20: 0 | H20: 0 | I20: 0 | J20: 0 | K20: 0 | L20: 0 | M20: 0 | N20: 0 | O20: 0 | P20: 0 | Q20: 0 | R20: 0 | S20: 0 | T20: 0 | U20: 0 | V20: 0 | W20: 0 | X20: 0 | Y20: 0 | Z20: 0 | AA20: 0 | AB20: =SUM(D20:AA20) | AD20: 0 | AE20: 0 | AF20: 0 | AG20: 0 | AH20: 0 | AI20: 0 | AJ20: 0 | AK20: 0 | AL20: 0 | AM20: 0 | AN20: 0 | AO20: 0 | AP20: 0 | AQ20: 0 | AR20: 0 | AS20: 0 | AT20: 0 | AU20: 0 | AV20: 0 | AW20: 0 | AX20: 0 | AY20: 0 | AZ20: 0 | BA20: 0 | BB20: =SUM(AD20:BA20)
A21: AMD-EXPR | B21: DSC Manual | C21: 46100 | D21: 0 | E21: 0 | F21: 0 | G21: 0 | H21: 0 | I21: 0 | J21: 0 | K21: 0 | L21: 0 | M21: 0 | N21: 0 | O21: 0 | P21: 0 | Q21: 0 | R21: 0 | S21: 0 | T21: 0 | U21: 0 | V21: 0 | W21: 0 | X21: 0 | Y21: 0 | Z21: 0 | AA21: 0 | AB21: =SUM(D21:AA21) | AD21: 0 | AE21: 0 | AF21: 0 | AG21: 0 | AH21: 0 | AI21: 0 | AJ21: 0 | AK21: 0 | AL21: 0 | AM21: 0 | AN21: 0 | AO21: 0 | AP21: 0 | AQ21: 0 | AR21: 0 | AS21: 0 | AT21: 0 | AU21: 0 | AV21: 0 | AW21: 0 | AX21: 0 | AY21: 0 | AZ21: 0 | BA21: 0 | BB21: =SUM(AD21:BA21)
A22: AMD-EXPR | B22: DSC Manual | C22: 46102 | D22: 0 | E22: 0 | F22: 0 | G22: 0 | H22: 0 | I22: 0 | J22: 0 | K22: 0 | L22: 0 | M22: 0 | N22: 0 | O22: 0 | P22: 0 | Q22: 0 | R22: 0 | S22: 0 | T22: 0 | U22: 0 | V22: 0 | W22: 0 | X22: 0 | Y22: 0 | Z22: 0 | AA22: 0 | AB22: =SUM(D22:AA22) | AD22: 0 | AE22: 0 | AF22: 0 | AG22: 0 | AH22: 0 | AI22: 0 | AJ22: 0 | AK22: 0 | AL22: 0 | AM22: 0 | AN22: 0 | AO22: 0 | AP22: 0 | AQ22: 0 | AR22: 0 | AS22: 0 | AT22: 0 | AU22: 0 | AV22: 0 | AW22: 0 | AX22: 0 | AY22: 0 | AZ22: 0 | BA22: 0 | BB22: =SUM(AD22:BA22)
... A50: AMD-FWDPRI-SSC | B50: FWD Priority OSC | C50: 46105 | D50: 0 | E50: 0 | F50: 0 | G50: 0 | H50: 0 | I50: 0 | J50: 0 | K50: 0 | L50: 0 | M50: 0 | N50: 0 | O50: 0 | P50: 0 | Q50: 0 | R50: 0 | S50: 0 | T50: 0 | U50: 0 | V50: 0 | W50: 0 | X50: 0 | Y50: 0 | Z50: 0 | AA50: 0 | AB50: =SUM(D50:AA50) | AD50: 0 | AE50: 0 | AF50: 0 | AG50: 0 | AH50: 0 | AI50: 0 | AJ50: 0 | AK50: 0 | AL50: 0 | AM50: 0 | AN50: 0 | AO50: 0 | AP50: 0 | AQ50: 0 | AR50: 0 | AS50: 0 | AT50: 0 | AU50: 0 | AV50: 0 | AW50: 0 | AX50: 0 | AY50: 0 | AZ50: 0 | BA50: 0 | BB50: =SUM(AD50:BA50)
A51: AMD-FWDREG-SSC | B51: Forward Regular OSC | C51: 46098 | D51: =Summary!D51 | E51: =Summary!E51 | F51: =Summary!F51 | G51: =Summary!G51 | H51: =Summary!H51 | I51: =Summary!I51 | J51: =Summary!J51 | K51: =Summary!K51 | ... AA51: =Summary!AA51 | AB51: =SUM(D51:AA51) | AD51: =E51*0.001117515+D51*0.001117515 | AE51: =F51*0.001117515+E51*0.001117515 | AF51: =G51*0.001117515+F51*0.001117515 | AG51: =H51*0.001117515+G51*0.001117515 | AH51: =I51*0.001117515+H51*0.001117515 | AI51: =J51*0.001117515+I51*0.001117515 | AJ51: =K51*0.001117515+J51*0.001117515 | AK51: =L51*0.001117515+K51*0.001117515 | ... AZ51: =AA51*0.001117515+Z51*0.001117515 | BA51: =D51*0.001117515+AA51*0.001117515 | BB51: =SUM(AD51:BA51)
A52: AMD-FWDREG-SSC | B52: Forward Regular OSC | C52: 46099 | D52: =Summary!D52 | E52: =Summary!E52 | F52: =Summary!F52 | G52: =Summary!G52 | H52: =Summary!H52 | I52: =Summary!I52 | J52: =Summary!J52 | K52: =Summary!K52 | ... AA52: =Summary!AA52 | AB52: =SUM(D52:AA52) | AD52: =E52*0.001117515+D52*0.001117515 | AE52: =F52*0.001117515+E52*0.001117515 | AF52: =G52*0.001117515+F52*0.001117515 | AG52: =H52*0.001117515+G52*0.001117515 | AH52: =I52*0.001117515+H52*0.001117515 | AI52: =J52*0.001117515+I52*0.001117515 | AJ52: =K52*0.001117515+J52*0.001117515 | AK52: =L52*0.001117515+K52*0.001117515 | ... AZ52: =AA52*0.001117515+Z52*0.001117515 | BA52: =D52*0.001117515+AA52*0.001117515 | BB52: =SUM(AD52:BA52)
A53: AMD-FWDREG-SSC | B53: Forward Regular OSC | C53: 46100 | D53: =Summary!D53 | E53: =Summary!E53 | F53: =Summary!F53 | G53: =Summary!G53 | H53: =Summary!H53 | I53: =Summary!I53 | J53: =Summary!J53 | K53: =Summary!K53 | ... AA53: =Summary!AA53 | AB53: =SUM(D53:AA53) | AD53: =E53*0.001117515+D53*0.001117515 | AE53: =F53*0.001117515+E53*0.001117515 | AF53: =G53*0.001117515+F53*0.001117515 | AG53: =H53*0.001117515+G53*0.001117515 | AH53: =I53*0.001117515+H53*0.001117515 | AI53: =J53*0.001117515+I53*0.001117515 | AJ53: =K53*0.001117515+J53*0.001117515 | AK53: =L53*0.001117515+K53*0.001117515 | ... AZ53: =AA53*0.001117515+Z53*0.001117515 | BA53: =D53*0.001117515+AA53*0.001117515 | BB53: =SUM(AD53:BA53)
A54: AMD-FWDREG-SSC | B54: Forward Regular OSC | C54: 46101 | D54: =Summary!D54 | E54: =Summary!E54 | F54: =Summary!F54 | G54: =Summary!G54 | H54: =Summary!H54 | I54: =Summary!I54 | J54: =Summary!J54 | K54: =Summary!K54 | ... AA54: =Summary!AA54 | AB54: =SUM(D54:AA54) | AD54: =E54*0.001117515+D54*0.001117515 | AE54: =F54*0.001117515+E54*0.001117515 | AF54: =G54*0.001117515+F54*0.001117515 | AG54: =H54*0.001117515+G54*0.001117515 | AH54: =I54*0.001117515+H54*0.001117515 | AI54: =J54*0.001117515+I54*0.001117515 | AJ54: =K54*0.001117515+J54*0.001117515 | AK54: =L54*0.001117515+K54*0.001117515 | ... AZ54: =AA54*0.001117515+Z54*0.001117515 | BA54: =D54*0.001117515+AA54*0.001117515 | BB54: =SUM(AD54:BA54)
A55: AMD-FWDREG-SSC | B55: Forward Regular OSC | C55: 46102 | D55: =Summary!D55 | E55: =Summary!E55 | F55: =Summary!F55 | G55: =Summary!G55 | H55: =Summary!H55 | I55: =Summary!I55 | J55: =Summary!J55 | K55: =Summary!K55 | ... AA55: =Summary!AA55 | AB55: =SUM(D55:AA55) | AD55: =E55*0.001117515+D55*0.001117515 | AE55: =F55*0.001117515+E55*0.001117515 | AF55: =G55*0.001117515+F55*0.001117515 | AG55: =H55*0.001117515+G55*0.001117515 | AH55: =I55*0.001117515+H55*0.001117515 | AI55: =J55*0.001117515+I55*0.001117515 | AJ55: =K55*0.001117515+J55*0.001117515 | AK55: =L55*0.001117515+K55*0.001117515 | ... AZ55: =AA55*0.001117515+Z55*0.001117515 | BA55: =D55*0.001117515+AA55*0.001117515 | BB55: =SUM(AD55:BA55)
A56: AMD-FWDREG-SSC | B56: Forward Regular OSC | C56: 46103 | D56: =Summary!D56 | E56: =Summary!E56 | F56: =Summary!F56 | G56: =Summary!G56 | H56: =Summary!H56 | I56: =Summary!I56 | J56: =Summary!J56 | K56: =Summary!K56 | ... AA56: =Summary!AA56 | AB56: =SUM(D56:AA56) | AD56: =E56*0.001117515+D56*0.001117515 | AE56: =F56*0.001117515+E56*0.001117515 | AF56: =G56*0.001117515+F56*0.001117515 | AG56: =H56*0.001117515+G56*0.001117515 | AH56: =I56*0.001117515+H56*0.001117515 | AI56: =J56*0.001117515+I56*0.001117515 | AJ56: =K56*0.001117515+J56*0.001117515 | AK56: =L56*0.001117515+K56*0.001117515 | ... AZ56: =AA56*0.001117515+Z56*0.001117515 | BA56: =D56*0.001117515+AA56*0.001117515 | BB56: =SUM(AD56:BA56)
A57: AMD-FWDREG-SSC | B57: Forward Regular OSC | C57: 46104 | D57: =Summary!D57 | E57: =Summary!E57 | F57: =Summary!F57 | G57: =Summary!G57 | H57: =Summary!H57 | I57: =Summary!I57 | J57: =Summary!J57 | K57: =Summary!K57 | ... AA57: =Summary!AA57 | AB57: =SUM(D57:AA57) | AD57: =E57*0.001117515+D57*0.001117515 | AE57: =F57*0.001117515+E57*0.001117515 | AF57: =G57*0.001117515+F57*0.001117515 | AG57: =H57*0.001117515+G57*0.001117515 | AH57: =I57*0.001117515+H57*0.001117515 | AI57: =J57*0.001117515+I57*0.001117515 | AJ57: =K57*0.001117515+J57*0.001117515 | AK57: =L57*0.001117515+K57*0.001117515 | ... AZ57: =AA57*0.001117515+Z57*0.001117515 | BA57: =D57*0.001117515+AA57*0.001117515 | BB57: =SUM(AD57:BA57)
A58: AMD-FWDREG-SSC | B58: Forward Regular OSC | C58: 46105 | D58: =Summary!D58 | E58: =Summary!E58 | F58: =Summary!F58 | G58: =Summary!G58 | H58: =Summary!H58 | I58: =Summary!I58 | J58: =Summary!J58 | K58: =Summary!K58 | ... AA58: =Summary!AA58 | AB58: =SUM(D58:AA58) | AD58: =E58*0.001117515+D58*0.001117515 | AE58: =F58*0.001117515+E58*0.001117515 | AF58: =G58*0.001117515+F58*0.001117515 | AG58: =H58*0.001117515+G58*0.001117515 | AH58: =I58*0.001117515+H58*0.001117515 | AI58: =J58*0.001117515+I58*0.001117515 | AJ58: =K58*0.001117515+J58*0.001117515 | AK58: =L58*0.001117515+K58*0.001117515 | ... AZ58: =AA58*0.001117515+Z58*0.001117515 | BA58: =D58*0.001117515+AA58*0.001117515 | BB58: =SUM(AD58:BA58)
A59: AMD-INTRA-SSC | B59: Forward Regular OSC | C59: 46098 | D59: =Summary!D59 | E59: =Summary!E59 | F59: =Summary!F59 | G59: =Summary!G59 | H59: =Summary!H59 | I59: =Summary!I59 | J59: =Summary!J59 | K59: =Summary!K59 | ... AA59: =Summary!AA59 | AB59: =SUM(D59:AA59) | AD59: =E59*0.001117515+D59*0.001117515 | AE59: =F59*0.001117515+E59*0.001117515 | AF59: =G59*0.001117515+F59*0.001117515 | AG59: =H59*0.001117515+G59*0.001117515 | AH59: =I59*0.001117515+H59*0.001117515 | AI59: =J59*0.001117515+I59*0.001117515 | AJ59: =K59*0.001117515+J59*0.001117515 | AK59: =L59*0.001117515+K59*0.001117515 | ... AZ59: =AA59*0.001117515+Z59*0.001117515 | BA59: =D59*0.001117515+AA59*0.001117515 | BB59: =SUM(AD59:BA59)
A60: AMD-INTRA-SSC | B60: Forward Regular OSC | C60: 46099 | D60: =Summary!D60 | E60: =Summary!E60 | F60: =Summary!F60 | G60: =Summary!G60 | H60: =Summary!H60 | I60: =Summary!I60 | J60: =Summary!J60 | K60: =Summary!K60 | ... AA60: =Summary!AA60 | AB60: =SUM(D60:AA60) | AD60: =E60*0.001117515+D60*0.001117515 | AE60: =F60*0.001117515+E60*0.001117515 | AF60: =G60*0.001117515+F60*0.001117515 | AG60: =H60*0.001117515+G60*0.001117515 | AH60: =I60*0.001117515+H60*0.001117515 | AI60: =J60*0.001117515+I60*0.001117515 | AJ60: =K60*0.001117515+J60*0.001117515 | AK60: =L60*0.001117515+K60*0.001117515 | ... AZ60: =AA60*0.001117515+Z60*0.001117515 | BA60: =D60*0.001117515+AA60*0.001117515 | BB60: =SUM(AD60:BA60)
A61: AMD-INTRA-SSC | B61: Forward Regular OSC | C61: 46100 | D61: =Summary!D61 | E61: =Summary!E61 | F61: =Summary!F61 | G61: =Summary!G61 | H61: =Summary!H61 | I61: =Summary!I61 | J61: =Summary!J61 | K61: =Summary!K61 | ... AA61: =Summary!AA61 | AB61: =SUM(D61:AA61) | AD61: =E61*0.001117515+D61*0.001117515 | AE61: =F61*0.001117515+E61*0.001117515 | AF61: =G61*0.001117515+F61*0.001117515 | AG61: =H61*0.001117515+G61*0.001117515 | AH61: =I61*0.001117515+H61*0.001117515 | AI61: =J61*0.001117515+I61*0.001117515 | AJ61: =K61*0.001117515+J61*0.001117515 | AK61: =L61*0.001117515+K61*0.001117515 | ... AZ61: =AA61*0.001117515+Z61*0.001117515 | BA61: =D61*0.001117515+AA61*0.001117515 | BB61: =SUM(AD61:BA61)
A62: AMD-INTRA-SSC | B62: Forward Regular OSC | C62: 46101 | D62: =Summary!D62 | E62: =Summary!E62 | F62: =Summary!F62 | G62: =Summary!G62 | H62: =Summary!H62 | I62: =Summary!I62 | J62: =Summary!J62 | K62: =Summary!K62 | ... AA62: =Summary!AA62 | AB62: =SUM(D62:AA62) | AD62: =E62*0.001117515+D62*0.001117515 | AE62: =F62*0.001117515+E62*0.001117515 | AF62: =G62*0.001117515+F62*0.001117515 | AG62: =H62*0.001117515+G62*0.001117515 | AH62: =I62*0.001117515+H62*0.001117515 | AI62: =J62*0.001117515+I62*0.001117515 | AJ62: =K62*0.001117515+J62*0.001117515 | AK62: =L62*0.001117515+K62*0.001117515 | ... AZ62: =AA62*0.001117515+Z62*0.001117515 | BA62: =D62*0.001117515+AA62*0.001117515 | BB62: =SUM(AD62:BA62)
... A85: AMD-MU-01 | B85: Forward Regular OSC | C85: 46091 | D85: =Summary!D85 | E85: =Summary!E85 | F85: =Summary!F85 | G85: =Summary!G85 | H85: =Summary!H85 | I85: =Summary!I85 | J85: =Summary!J85 | K85: =Summary!K85 | ... AA85: =Summary!AA85 | AB85: =SUM(D85:AA85) | AD85: =E85*0.001117515+D85*0.001117515 | AE85: =F85*0.001117515+E85*0.001117515 | AF85: =G85*0.001117515+F85*0.001117515 | AG85: =H85*0.001117515+G85*0.001117515 | AH85: =I85*0.001117515+H85*0.001117515 | AI85: =J85*0.001117515+I85*0.001117515 | AJ85: =K85*0.001117515+J85*0.001117515 | AK85: =L85*0.001117515+K85*0.001117515 | ... AZ85: =AA85*0.001117515+Z85*0.001117515 | BA85: =D85*0.001117515+AA85*0.001117515 | BB85: =SUM(AD85:BA85)
A86: AMD-RTS-RCLS-1302-SSC | B86: Rev OSC | C86: 46089 | D86: 0 | E86: 0 | F86: 0 | G86: 0 | H86: 0 | I86: 0 | J86: 0 | K86: 0 | L86: 0 | M86: 0 | N86: 0 | O86: 0 | P86: 0 | Q86: 0 | R86: 0 | S86: 0 | T86: 0 | U86: 0 | V86: 0 | W86: 0 | X86: 0 | Y86: 0 | Z86: 0 | AA86: 0 | AB86: =SUM(D86:AA86) | AD86: 0 | AE86: 0 | AF86: 0 | AG86: 0 | AH86: 0 | AI86: 0 | AJ86: 0 | AK86: 0 | AL86: 0 | AM86: 0 | AN86: 0 | AO86: 0 | AP86: 0 | AQ86: 0 | AR86: 0 | AS86: 0 | AT86: 0 | AU86: 0 | AV86: 0 | AW86: 0 | AX86: 0 | AY86: 0 | AZ86: 0 | BA86: 0 | BB86: =SUM(AD86:BA86)
A87: AMD-RTS-RCLS-1302-SSC | B87: Rev OSC | C87: 46090 | D87: 0 | E87: 0 | F87: 0 | G87: 0 | H87: 0 | I87: 0 | J87: 0 | K87: 0 | L87: 0 | M87: 0 | N87: 0 | O87: 0 | P87: 0 | Q87: 0 | R87: 0 | S87: 0 | T87: 0 | U87: 0 | V87: 0 | W87: 0 | X87: 0 | Y87: 0 | Z87: 0 | AA87: 0 | AB87: =SUM(D87:AA87) | AD87: 0 | AE87: 0 | AF87: 0 | AG87: 0 | AH87: 0 | AI87: 0 | AJ87: 0 | AK87: 0 | AL87: 0 | AM87: 0 | AN87: 0 | AO87: 0 | AP87: 0 | AQ87: 0 | AR87: 0 | AS87: 0 | AT87: 0 | AU87: 0 | AV87: 0 | AW87: 0 | AX87: 0 | AY87: 0 | AZ87: 0 | BA87: 0 | BB87: =SUM(AD87:BA87)
