Workbook

Sheet XD List
B2: Type | C2: Site | D2: IB | E2: OB | F2: Bag Staging | G2: OSC Bag Sorting | H2: VIA Bag Sorting | I2: Bag Sorter Design | J2: FWD FSM | K2: FWD Manual Pre Primary | L2: FWD Manual Primary | M2: FWD Primary with Scan | N2: FMRTS Primary with Scan | O2: FWD Secondary | P2: FMRTS Secondary with Scan | Q2: BBB | R2: REV FSM | S2: Rev Primary (FSM Rejections) | T2: Rev DC DC Primary Sorting | U2: Rev Secondary Sorting | V2: Bulk Feed | W2: Sorter Feedline | X2: DB Chute | Y2: Runsheet Creation | Z2: Rejection Primary with Scan | AA2: Rejection Secondary | AB2: IB Volumetric | AC2: FWD Volumetric | AD2: OSC Bag Sorting Volumetric | AE2: Bag Staging Volumetric | AF2: OB Volumetric
B3: XD&DSC | C3: Bhopal DC | D3: 1 | E3: 1 | F3: 0.5 | G3: 0.5 | H3: 0.5 | I3: 1 | J3: 1 | K3: 1 | L3: 1 | M3: 1 | N3: 1 | O3: 1 | P3: 1 | Q3: 1 | R3: 1 | S3: 1 | T3: 1 | U3: 1 | V3: 1 | W3: 1 | X3: 1 | Y3: 1 | Z3: 1 | AA3: 1 | AB3: 1 | AC3: 1 | AD3: 1 | AE3: 1 | AF3: 1
B4: XD&DSC | C4: Bhubneshwar DC | D4: 1 | E4: 1 | F4: 0.5 | G4: 0.5 | H4: 0.5 | I4: 1 | J4: 1 | K4: 1 | L4: 1 | M4: 1 | N4: 1 | O4: 1 | P4: 1 | Q4: 1 | R4: 1 | S4: 1 | T4: 1 | U4: 1 | V4: 1 | W4: 1 | X4: 1 | Y4: 1 | Z4: 1 | AA4: 1 | AB4: 1 | AC4: 1 | AD4: 1 | AE4: 1 | AF4: 1
B5: XD&DSC | C5: Chennai DC | D5: 1 | E5: 1 | F5: 0.5 | G5: 0.5 | H5: 0.5 | I5: 1 | J5: 1 | K5: 1 | L5: 1 | M5: 1 | N5: 1 | O5: 1 | P5: 1 | Q5: 1 | R5: 1 | S5: 1 | T5: 1 | U5: 1 | V5: 1 | W5: 1 | X5: 1 | Y5: 1 | Z5: 1 | AA5: 1 | AB5: 1 | AC5: 1 | AD5: 1 | AE5: 1 | AF5: 1
B6: XD&DSC | C6: Coimbatore DC | D6: 1 | E6: 1 | F6: 0.5 | G6: 0.5 | H6: 0.5 | I6: 1 | J6: 1 | K6: 1 | L6: 1 | M6: 1 | N6: 1 | O6: 1 | P6: 1 | Q6: 1 | R6: 1 | S6: 1 | T6: 1 | U6: 1 | V6: 1 | W6: 1 | X6: 1 | Y6: 1 | Z6: 1 | AA6: 1 | AB6: 1 | AC6: 1 | AD6: 1 | AE6: 1 | AF6: 1
B7: XD&DSC | C7: Gorakhpur DC | D7: 1 | E7: 1 | F7: 0.5 | G7: 0.5 | H7: 0.5 | I7: 1 | J7: 1 | K7: 1 | L7: 1 | M7: 1 | N7: 1 | O7: 1 | P7: 1 | Q7: 1 | R7: 1 | S7: 1 | T7: 1 | U7: 1 | V7: 1 | W7: 1 | X7: 1 | Y7: 1 | Z7: 1 | AA7: 1 | AB7: 1 | AC7: 1 | AD7: 1 | AE7: 1 | AF7: 1
B8: XD&DSC | C8: Hubli DC | D8: 1 | E8: 1 | F8: 0.5 | G8: 0.5 | H8: 0.5 | I8: 1 | J8: 1 | K8: 1 | L8: 1 | M8: 1 | N8: 1 | O8: 1 | P8: 1 | Q8: 1 | R8: 1 | S8: 1 | T8: 1 | U8: 1 | V8: 1 | W8: 1 | X8: 1 | Y8: 1 | Z8: 1 | AA8: 1 | AB8: 1 | AC8: 1 | AD8: 1 | AE8: 1 | AF8: 1
B9: XD&DSC | C9: Indore DC | D9: 1 | E9: 1 | F9: 0.5 | G9: 0.5 | H9: 0.5 | I9: 1 | J9: 1 | K9: 1 | L9: 1 | M9: 1 | N9: 1 | O9: 1 | P9: 1 | Q9: 1 | R9: 1 | S9: 1 | T9: 1 | U9: 1 | V9: 1 | W9: 1 | X9: 1 | Y9: 1 | Z9: 1 | AA9: 1 | AB9: 1 | AC9: 1 | AD9: 1 | AE9: 1 | AF9: 1
B10: XD&DSC | C10: Kanpur DC | D10: 1 | E10: 1 | F10: 0.5 | G10: 0.5 | H10: 0.5 | I10: 1 | J10: 1 | K10: 1 | L10: 1 | M10: 1 | N10: 1 | O10: 1 | P10: 1 | Q10: 1 | R10: 1 | S10: 1 | T10: 1 | U10: 1 | V10: 1 | W10: 1 | X10: 1 | Y10: 1 | Z10: 1 | AA10: 1 | AB10: 1 | AC10: 1 | AD10: 1 | AE10: 1 | AF10: 1
B11: XD&DSC | C11: Kochi DC | D11: 1 | E11: 1 | F11: 0.5 | G11: 0.5 | H11: 0.5 | I11: 1 | J11: 1 | K11: 1 | L11: 1 | M11: 1 | N11: 1 | O11: 1 | P11: 1 | Q11: 1 | R11: 1 | S11: 1 | T11: 1 | U11: 1 | V11: 1 | W11: 1 | X11: 1 | Y11: 1 | Z11: 1 | AA11: 1 | AB11: 1 | AC11: 1 | AD11: 1 | AE11: 1 | AF11: 1
B12: XD&DSC | C12: Kozhikode DC | D12: 1 | E12: 1 | F12: 0.5 | G12: 0.5 | H12: 0.5 | I12: 1 | J12: 1 | K12: 1 | L12: 1 | M12: 1 | N12: 1 | O12: 1 | P12: 1 | Q12: 1 | R12: 1 | S12: 1 | T12: 1 | U12: 1 | V12: 1 | W12: 1 | X12: 1 | Y12: 1 | Z12: 1 | AA12: 1 | AB12: 1 | AC12: 1 | AD12: 1 | AE12: 1 | AF12: 1
B13: XD&DSC | C13: Ludhiana DC | D13: 1 | E13: 1 | F13: 0.5 | G13: 0.5 | H13: 0.5 | I13: 1 | J13: 1 | K13: 1 | L13: 1 | M13: 1 | N13: 1 | O13: 1 | P13: 1 | Q13: 1 | R13: 1 | S13: 1 | T13: 1 | U13: 1 | V13: 1 | W13: 1 | X13: 1 | Y13: 1 | Z13: 1 | AA13: 1 | AB13: 1 | AC13: 1 | AD13: 1 | AE13: 1 | AF13: 1
B14: XD&DSC | C14: Madurai DC | D14: 1 | E14: 1 | F14: 0.5 | G14: 0.5 | H14: 0.5 | I14: 1 | J14: 1 | K14: 1 | L14: 1 | M14: 1 | N14: 1 | O14: 1 | P14: 1 | Q14: 1 | R14: 1 | S14: 1 | T14: 1 | U14: 1 | V14: 1 | W14: 1 | X14: 1 | Y14: 1 | Z14: 1 | AA14: 1 | AB14: 1 | AC14: 1 | AD14: 1 | AE14: 1 | AF14: 1
... B23: XD&DSC | C23: Visakhapatnam DC | D23: 1 | E23: 1 | F23: 0.5 | G23: 0.5 | H23: 0.5 | I23: 1 | J23: 1 | K23: 1 | L23: 1 | M23: 1 | N23: 1 | O23: 1 | P23: 1 | Q23: 1 | R23: 1 | S23: 1 | T23: 1 | U23: 1 | V23: 1 | W23: 1 | X23: 1 | Y23: 1 | Z23: 1 | AA23: 1 | AB23: 1 | AC23: 1 | AD23: 1 | AE23: 1 | AF23: 1

Sheet Layout to Station Type
B2: layout_name | C2: Layout Type | D2: DC
B3: AMD-FWDPRI-SSC | C3: FWD Priority OSC | D3: Ahmedabad DC
B4: AMD-FWDREG-SSC | C4: Forward Regular OSC | D4: Ahmedabad DC
B5: AMD-INTRA-SSC | C5: Forward Regular OSC | D5: Ahmedabad DC
B6: AMD-RTS-RCLS-1302-SSC | C6: Rev OSC | D6: Ahmedabad DC
B7: AMD-EXPR | C7: DSC Manual | D7: Ahmedabad DC
B8: AMD-FK-SSC | C8: Prime at Client side | D8: Ahmedabad DC
B9: AMD-AIR-NEW-SSC | C9: Forward Regular OSC | D9: Ahmedabad DC
B10: AMD-RTS-RCLS-1302-SSC_1 | C10: Rev OSC | D10: Ahmedabad DC
B11: AMD-RTS-RCLS-1302-SSC_2 | C11: Rev OSC | D11: Ahmedabad DC
B12: BLR-AIR-SSC | C12: Forward Regular OSC | D12: Bangalore DC
B13: BLR-EXPR | C13: DSC Manual | D13: Bangalore DC
... B453: VTZ-DSC-SSC_3 | C453: DSC Manual | D453: Visakhapatnam DC

Sheet Volumetric %
B2: DC | C2: Forward | D2: Reverse
B3: Ahmedabad DC | C3: 0.046 | D3: 0
B4: Bangalore DC | C4: 0.046 | D4: 0
B5: Bhopal DC | C5: 0.046 | D5: 0
B6: Bhubneshwar DC | C6: 0.046 | D6: 0
B7: CCU_Large DC | C7: 0.046 | D7: 0
B8: Chennai DC | C8: 0.046 | D8: 0
B9: Coimbatore DC | C9: 0.046 | D9: 0
B10: Gorakhpur DC | C10: 0.046 | D10: 0
B11: Guwahati DC | C11: 0.046 | D11: 0
B12: Hubli DC | C12: 0.046 | D12: 0
B13: Hyderabad DC | C13: 0.046 | D13: 0
B14: Indore DC | C14: 0.046 | D14: 0
... B40: Visakhapatnam DC | C40: 0.046 | D40: 0

Sheet Layout Productivity
A1: Layout Type | B1: IB | C1: OB | D1: Bag Staging | E1: OSC Bag Sorting | F1: VIA Bag Sorting | G1: Bag Sorter Design | H1: FWD FSM | I1: FWD Manual Pre Primary | J1: FWD Manual Primary | K1: FWD Primary with Scan | L1: FMRTS Primary with Scan | M1: FWD Secondary | N1: FMRTS Secondary with Scan | O1: BBB | P1: REV FSM | Q1: Rev Primary (FSM Rejections) | R1: Rev DC DC Primary Sorting | S1: Rev Secondary Sorting | T1: Bulk Feed | U1: Sorter Feedline | V1: DB Chute | W1: Runsheet Creation | X1: Rejection Primary with Scan | Y1: Rejection Secondary | Z1: IB Volumetric | AA1: FWD Volumetric | AB1: OSC Bag Sorting Volumetric | AC1: Bag Staging Volumetric | AD1: OB Volumetric | AE1: Total Manhours Effort (per shipment)
A2: Relative Effort → | B2: =VLOOKUP(B1,'Activity Productivity'!$A$1:$D$31,4,0) -> 0.0008004 | C2: =VLOOKUP(C1,'Activity Productivity'!$A$1:$D$31,4,0) -> 0.00045414 | D2: =VLOOKUP(D1,'Activity Productivity'!$A$1:$D$31,4,0) -> 0.00028565 | E2: =VLOOKUP(E1,'Activity Productivity'!$A$1:$D$31,4,0) -> 0.00136039 | F2: =VLOOKUP(F1,'Activity Productivity'!$A$1:$D$31,4,0) -> 0.00133545 | G2: =VLOOKUP(G1,'Activity Productivity'!$A$1:$D$31,4,0) -> 0.00101993 | H2: =VLOOKUP(H1,'Activity Productivity'!$A$1:$D$31,4,0) -> 0.00230144 | I2: =VLOOKUP(I1,'Activity Productivity'!$A$1:$D$31,4,0) -> 0.00124439 | ... AD2: =VLOOKUP(AD1,'Activity Productivity'!$A$1:$D$31,4,0) -> 0.0081726819
A3: Forward Regular OSC | D3: 1 | E3: 1 | H3: 0.2 | I3: 0.08 | J3: 1 | M3: 1 | X3: 0.05 | Y3: 0.05 | AE3: =SUMPRODUCT(B3:AD3, $B$2:$AD$2) -> 0.0076056067
A4: FWD Priority OSC | D4: 1 | E4: 1 | H4: 0.2 | I4: 0.15 | K4: 1 | M4: 1 | X4: 0.05 | Y4: 0.05 | AE4: =SUMPRODUCT(B4:AD4, $B$2:$AD$2) -> 0.007851634
A5: DSC Manual | D5: 1 | E5: 1 | F5: 1 | M5: 1 | AE5: =SUMPRODUCT(B5:AD5, $B$2:$AD$2) -> 0.00588149
A6: Rev OSC | D6: 1 | E6: 1 | O6: 1 | P6: 0.5 | Q6: 0.05 | R6: 1 | S6: 1 | AE6: =SUMPRODUCT(B6:AD6, $B$2:$AD$2) -> 0.0091242265
A7: DCFMRTS | D7: 1 | E7: 1 | L7: 1 | M7: 0 | N7: 1 | W7: 1 | AE7: =SUMPRODUCT(B7:AD7, $B$2:$AD$2) -> 0.01125664
A8: Volumetric | Z8: 1 | AA8: 1 | AB8: 1 | AC8: 1 | AD8: 1 | AE8: =SUMPRODUCT(B8:AD8, $B$2:$AD$2) -> 0.060095247
A9: Prime at Shadowfax | D9: 1 | E9: 1 | K9: 1 | M9: 1 | AE9: =SUMPRODUCT(B9:AD9, $B$2:$AD$2) -> 0.00693999
A10: Via Dock | D10: 1 | F10: 1 | AE10: =SUMPRODUCT(B10:AD10, $B$2:$AD$2) -> 0.0016211
A11: Sorter Forward OSC Semi | D11: 1 | E11: 1 | M11: 0.9 | T11: 1 | U11: 1 | X11: 0.1 | Y11: 0.1 | AE11: =SUMPRODUCT(B11:AD11, $B$2:$AD$2) -> 0.005712855
A12: Forward OSC Sorter Automatic | D12: 1 | E12: 1 | M12: 0 | T12: 1 | U12: 1 | V12: 0.94 | X12: 0.06 | Y12: 0.06 | AE12: =SUMPRODUCT(B12:AD12, $B$2:$AD$2) -> 0.003436297
A13: Forward OSC Sorter Semi + Bag Sorter | D13: 1 | G13: 1 | M13: 0.9 | T13: 1 | U13: 1 | X13: 0.1 | Y13: 0.1 | AE13: =SUMPRODUCT(B13:AD13, $B$2:$AD$2) -> 0.005372395
A14: Forward OSC Sorter DB Chutes + Bag Sorter | D14: 1 | G14: 1 | M14: 0 | T14: 1 | U14: 1 | V14: 0.94 | X14: 0.06 | Y14: 0.06 | AE14: =SUMPRODUCT(B14:AD14, $B$2:$AD$2) -> 0.003095837
A15: Via Dock + Bag Sorter | D15: 1 | G15: 1 | AE15: =SUMPRODUCT(B15:AD15, $B$2:$AD$2) -> 0.00130558
A16: Prime at Client side | D16: 1 | E16: 1 | K16: 1 | M16: 1 | AE16: =SUMPRODUCT(B16:AD16, $B$2:$AD$2) -> 0.00693999
A17: DCDC | D17: 1 | E17: 0 | K17: 1 | M17: 0 | AE17: =SUMPRODUCT(B17:AD17, $B$2:$AD$2) -> 0.0026796
A18: Rev DSC | D18: 1 | E18: 1 | F18: 1 | M18: 0 | O18: 1 | P18: 0.5 | Q18: 0.05 | R18: 1 | S18: 1 | AE18: =SUMPRODUCT(B18:AD18, $B$2:$AD$2) -> 0.010459676
A19: Sorter Reverse OSC Semi | D19: 1 | E19: 1 | O19: 1 | S19: 0.9 | T19: 1 | U19: 1 | X19: 0.1 | Y19: 0.1 | AE19: =SUMPRODUCT(B19:AD19, $B$2:$AD$2) -> 0.006909366
A20: Forward manual + Bag Sorter | D20: 1 | G20: 1 | H20: 1 | I20: 0.08 | J20: 1 | M20: 1 | X20: 0.05 | Y20: 0.05 | AE20: =SUMPRODUCT(B20:AD20, $B$2:$AD$2) -> 0.0091062987
A21: IB Cross-Dock | B21: 1 | D21: 1 | F21: 1 | AE21: =SUMPRODUCT(B21:AD21, $B$2:$AD$2) -> 0.0024215
A22: IB Cross-Dock Bag Sorter | B22: 1 | D22: 1 | G22: 1 | AE22: =SUMPRODUCT(B22:AD22, $B$2:$AD$2) -> 0.00210598
A23: OB | C23: 1 | AE23: =SUMPRODUCT(B23:AD23, $B$2:$AD$2) -> 0.00045414
A24: IB Regular | B24: 1 | AE24: =SUMPRODUCT(B24:AD24, $B$2:$AD$2) -> 0.0008004

Sheet Activity Productivity
A1: Activity | B1: Ops Type | C1: Relative Effort per Shipment | D1: Manhours per activity | E1: Minutes | F1: Relative
A2: IB | B2: Dock | C2: 0.276 | D2: =C2*0.0029 -> 0.0008004 | E2: 90 | F2: Prior | G2: =1/D2 -> 1249.3753
A3: OB | B3: Dock | C3: 0.1566 | D3: =C3*0.0029 -> 0.00045414 | E3: 180 | F3: Post | G3: =1/D3 -> 2201.9642
A4: Bag Staging | B4: Dock | C4: 0.0985 | D4: =C4*0.0029 -> 0.00028565 | E4: 60 | F4: Post | G4: =1/D4 -> 3500.7877
A5: OSC Bag Sorting | B5: Dock | C5: 0.4691 | D5: =C5*0.0029 -> 0.00136039 | E5: 30 | F5: Post | G5: =1/D5 -> 735.08332
A6: VIA Bag Sorting | B6: Dock | C6: 0.4605 | D6: =C6*0.0029 -> 0.00133545 | E6: 0 | F6: Post | G6: =1/D6 -> 748.81126
A7: Bag Sorter Design | B7: Dock | C7: 0.3517 | D7: =C7*0.0029 -> 0.00101993 | E7: 30 | F7: Post | G7: =1/D7 -> 980.45944
A8: FWD FSM | B8: Processing | C8: 0.7936 | D8: =C8*0.0029 -> 0.00230144 | E8: 50 | F8: Prior | G8: =1/D8 -> 434.51057
A9: FWD Manual Pre Primary | B9: Processing | C9: 0.4291 | D9: =C9*0.0029 -> 0.00124439 | E9: 50 | F9: Prior | G9: =1/D9 -> 803.60659
A10: FWD Manual Primary | B10: Processing | C10: 0.7707 | D10: =C10*0.0029 -> 0.00223503 | E10: 30 | F10: Prior | G10: =1/D10 -> 447.42129
A11: FWD Primary with Scan | B11: Processing | C11: 0.8255 | D11: =C11*0.0029 -> 0.00239395 | E11: 30 | F11: Prior | G11: =1/D11 -> 417.71967
A12: FWD Secondary | B12: Processing | C12: 1 | D12: =C12*0.0029 -> 0.0029 | E12: 0 | G12: =1/D12 -> 344.82759
A13: FWD Volumetric | B13: Processing | C13: 2.7197 | D13: =C13*0.0029 -> 0.00788713 | E13: 0 | G13: =1/D13 -> 126.78883
A14: BBB | B14: Processing | C14: 0.5727 | D14: =C14*0.0029 -> 0.00166083 | E14: 30 | F14: Prior | G14: =1/D14 -> 602.10858
A15: REV FSM | B15: Processing | C15: 0.4184 | D15: =C15*0.0029 -> 0.00121336 | E15: 50 | F15: Prior | G15: =1/D15 -> 824.15771
A16: Rev Primary (FSM Rejections) | B16: Processing | C16: 0.6417 | D16: =C16*0.0029 -> 0.00186093 | E16: 30 | F16: Prior | G16: =1/D16 -> 537.36573
A17: Rev DC DC Primary Sorting | B17: Processing | C17: 0.9426 | D17: =C17*0.0029 -> 0.00273354 | E17: 30 | F17: Prior | G17: =1/D17 -> 365.826
A18: Rev Secondary Sorting | B18: Processing | C18: 0.8221 | D18: =C18*0.0029 -> 0.00238409 | E18: 0 | G18: =1/D18 -> 419.44725
A19: Bulk Feed | B19: Processing | C19: 0.1263 | D19: =C19*0.0029 -> 0.00036627 | E19: 50 | F19: Prior | G19: =1/D19 -> 2730.2263
A20: Sorter Feedline | B20: Processing | C20: 0.1935 | D20: =C20*0.0029 -> 0.00056115 | E20: 30 | F20: Prior | G20: =1/D20 -> 1782.0547
A21: DB Chute | B21: Processing | C21: 0.2 | D21: =C21*0.0029 -> 0.00058 | E21: 0 | G21: =1/D21 -> 1724.1379
A22: Runsheet Creation | B22: Processing | C22: 1 | D22: =C22*0.0029 -> 0.0029 | E22: 0 | G22: =1/D22 -> 344.82759
A23: Rejection Primary with Scan | B23: Processing | C23: 0.8255 | D23: =C23*0.0029 -> 0.00239395 | E23: 30 | F23: Prior | G23: =1/D23 -> 417.71967
A24: Rejection Secondary | B24: Processing | C24: 1 | D24: =C24*0.0029 -> 0.0029 | E24: 0 | G24: =1/D24 -> 344.82759
A25: FMRTS Primary with Scan | B25: Processing | C25: 1.1531 | D25: =C25*0.0029 -> 0.00334399 | E25: 30 | F25: Prior | G25: =1/D25 -> 299.04396
A26: FMRTS Secondary with Scan | B26: Processing | C26: 1.1609 | D26: =C26*0.0029 -> 0.00336661 | E26: 0 | G26: =1/D26 -> 297.0347
A27: IB Volumetric | B27: Processing | C27: 4.9676374 | D27: =C27*0.0029 -> 0.014406149 | E27: 50 | F27: Prior | G27: =1/D27 -> 69.414806
A28: FWD Volumetric | B28: Processing | C28: 2.7197 | D28: =C28*0.0029 -> 0.00788713 | E28: 0 | G28: =1/D28 -> 126.78883
A29: OSC Bag Sorting Volumetric | B29: Processing | C29: 8.4439894 | D29: =C29*0.0029 -> 0.024487569 | E29: 30 | F29: Post | G29: =1/D29 -> 40.837046
A30: Bag Staging Volumetric | B30: Processing | C30: 1.773006 | D30: =C30*0.0029 -> 0.0051417174 | E30: 50 | F30: Post | G30: =1/D30 -> 194.48754
A31: OB Volumetric | B31: Processing | C31: 2.8181662 | D31: =C31*0.0029 -> 0.0081726819 | E31: 180 | F31: Post | G31: =1/D31 -> 122.35885
